batch_id,d1_ns,d2_ns,d3_ns,d4_ns,d5_ns,d6_ns,svc_ns,total_ns,num_faults,num_va_spaces,num_blocks
6873,2465,1142,611,86384,85542,1853,88086,93917,1,1,1
6874,1773,130,60,14768,14437,952,14979,17904,1,1,1
6875,1643,130,60,23374,23174,811,23585,26239,1,1,1
6876,1653,130,60,11702,11502,792,11902,14548,1,1,1
6877,1573,130,61,10670,10459,771,10871,13415,1,1,1
6878,1754,130,60,12624,12414,772,12834,15550,1,1,1
6879,742,270,91,16671,16361,822,17002,18916,1,1,1
6880,701,241,90,16912,16612,912,17242,19166,1,1,1
6881,752,240,90,14317,13966,852,14638,16562,1,1,1
6882,571,120,61,6592,6392,772,6803,8336,1,1,1
6883,711,241,90,19026,18716,842,19356,21230,1,1,1
6884,701,261,90,16492,16180,932,16832,18806,1,1,1
6885,591,120,70,7895,7434,771,8106,9648,1,1,1
6886,632,120,70,21882,21541,1072,22102,23986,1,1,1
6887,711,241,90,34696,34324,1142,35016,37190,1,1,1
6888,691,261,100,18666,18424,902,19006,20930,1,1,1
6889,1293,130,60,8566,8366,861,8776,11121,1,1,1
6890,692,240,91,18154,17854,852,18495,20349,1,1,1
6891,711,240,90,14457,14147,1083,14788,16902,1,1,1
6892,711,241,90,16672,16431,852,17012,18896,1,1,1
6893,762,240,90,18676,18364,1122,18996,21200,1,1,1
6894,691,241,90,24386,24076,792,24716,26510,1,1,1
6895,711,240,90,33724,33403,1042,34054,36118,1,1,1
6896,712,240,90,17733,17423,851,18064,19948,1,1,1
6897,701,241,80,14678,14368,932,15008,16952,1,1,1
6898,731,240,90,16511,16211,852,16841,18745,1,1,1
6899,702,230,90,19107,18525,851,19437,21310,1,1,1
6900,701,231,90,24316,24076,892,24636,26550,1,1,1
6901,691,260,90,33623,33323,901,33965,35877,1,1,1
6902,701,240,90,24356,24115,841,24697,26550,1,1,1
6903,1874,140,60,12734,12533,801,12935,15810,1,1,1
6904,561,120,70,14497,14257,742,14708,16221,1,1,1
6905,531,120,40,7715,7534,711,7855,9257,1,1,1
6906,521,100,41,8836,8646,772,8977,10410,1,1,1
6907,511,111,40,11772,11672,641,11922,13225,1,1,1
6908,511,110,50,15450,15269,701,15590,16952,1,1,1
6909,551,100,40,21391,21210,711,21531,22953,1,1,1
6910,531,131,50,10239,10139,712,10389,11803,1,1,1
6911,511,110,40,7354,7254,722,7504,8897,1,1,1
6912,510,111,40,9167,9067,772,9297,10740,1,1,1
6913,531,121,40,11502,11401,631,11642,12975,1,1,1
6914,521,111,40,14868,14778,882,15008,16562,1,1,1
6915,511,100,40,21030,20860,712,21170,22553,1,1,1
6916,511,100,40,9819,9719,581,9959,11201,1,1,1
6917,521,121,40,6823,6723,611,6963,8266,1,1,1
6918,521,120,40,8877,8787,621,9017,10329,1,1,1
6919,521,120,40,11031,10931,581,11171,12443,1,1,1
6920,521,120,40,14778,14678,772,14918,16371,1,1,1
6921,531,120,40,20779,20689,751,20920,22372,1,1,1
6922,591,110,40,9899,9798,611,10039,11401,1,1,1
6923,521,120,40,6893,6793,601,7024,8326,1,1,1
6924,521,120,40,9087,8997,641,9228,10560,1,1,1
6925,521,110,40,11111,11011,571,11261,12493,1,1,1
6926,521,120,40,14658,14558,912,14798,16391,1,1,1
6927,521,120,50,20489,20399,742,20629,22072,1,1,1
6928,491,120,40,10059,9648,631,10199,11491,1,1,1
6929,521,130,40,7244,6973,972,7384,9047,1,1,1
6930,491,120,50,9278,8977,711,9418,10800,1,1,1
6931,521,121,50,11121,10961,571,11261,12534,1,1,1
6932,511,101,40,14587,14487,691,14728,16091,1,1,1
6933,511,110,40,20579,20419,641,20719,22031,1,1,1
6934,521,110,40,9388,9288,621,9518,10820,1,1,1
6935,521,100,40,7464,7224,722,7614,9007,1,1,1
6936,491,120,50,9198,9107,651,9358,10670,1,1,1
6937,511,111,40,11341,11251,632,11481,12785,1,1,1
6938,521,121,50,15038,14948,632,15178,16512,1,1,1
6939,521,101,50,20679,20599,641,20819,22142,1,1,1
6940,561,110,60,12564,12414,832,12764,14347,1,1,1
6941,571,110,70,9578,9428,722,9868,11352,1,1,1
6942,641,110,70,11853,11713,851,12063,13745,1,1,1
6943,572,100,70,14227,14087,832,14437,16031,1,1,1
6944,641,110,70,19166,19036,682,19356,20870,1,1,1
6945,521,110,50,20729,20629,731,20870,22272,1,1,1
6946,531,120,50,20950,20850,631,21100,22422,1,1,1
6947,1522,131,40,13395,13305,571,13535,15799,1,1,1
6948,521,120,40,11622,11522,691,11762,13144,1,1,1
6949,521,120,40,7103,7003,651,7243,8586,1,1,1
6950,521,121,40,8947,8847,761,9097,10540,1,1,1
6951,491,120,51,11161,11071,691,11322,12664,1,1,1
6952,521,111,40,14838,14748,631,14978,16281,1,1,1
6953,521,120,51,20518,20428,772,20659,22132,1,1,1
6954,521,100,50,9708,9618,571,9849,11101,1,1,1
6955,511,111,40,6803,6702,651,6943,8256,1,1,1
6956,511,110,40,9047,8957,662,9187,10520,1,1,1
6957,511,110,40,11141,11040,571,11282,12524,1,1,1
6958,511,110,40,14768,14677,692,14918,16271,1,1,1
6959,511,110,41,20809,20709,661,20950,22282,1,1,1
6960,521,110,40,9448,9357,792,9598,11051,1,1,1
6961,521,120,51,7203,7103,682,7354,8727,1,1,1
6962,501,130,50,8877,8787,621,9027,10319,1,1,1
6963,491,130,40,11081,10990,681,11222,12564,1,1,1
6964,521,120,40,14758,14657,681,14899,16261,1,1,1
6965,521,120,40,20679,20579,831,20820,22342,1,1,1
6966,521,121,40,9197,9097,862,9337,10891,1,1,1
6967,501,120,40,7144,7054,862,7284,8817,1,1,1
6968,521,130,40,9117,9017,602,9257,10550,1,1,1
6969,521,120,40,10970,10880,571,11122,12374,1,1,1
6970,521,120,50,14738,14648,622,14878,16201,1,1,1
6971,521,100,50,20719,20639,632,20859,22172,1,1,1
6972,531,121,50,9097,9007,772,9247,10721,1,1,1
6973,511,101,40,7103,7003,601,7243,8516,1,1,1
6974,521,111,50,8786,8686,661,8927,10260,1,1,1
6975,510,110,40,11151,11051,631,11291,12593,1,1,1
6976,511,110,50,14698,14618,581,14838,16100,1,1,1
6977,521,100,40,20840,20740,591,20970,22232,1,1,1
6978,531,120,40,8967,8857,711,9107,10520,1,1,1
6979,531,121,40,6983,6893,661,7123,8486,1,1,1
6980,521,120,40,8977,8876,791,9117,10600,1,1,1
6981,521,120,40,11321,11221,671,11462,12814,1,1,1
6982,520,120,40,14678,14578,651,14818,16160,1,1,1
6983,521,120,40,20539,20439,671,20689,22051,1,1,1
6984,21681,9398,110,70614,69653,18855,70924,120918,101,1,3
6985,3657,1373,40,86834,86173,19687,87275,112202,20,1,3
6986,18886,11712,270,151567,149894,18595,152268,201571,67,1,5
6987,6812,3096,80,104758,103976,922,105169,116089,23,1,4
6988,33774,28704,80,170603,167487,33663,171124,267355,155,1,10
6989,6472,3607,91,116981,115949,10269,117312,137750,28,1,7
6990,6342,2544,40,115779,115128,8626,115950,133512,37,1,9
6991,3416,1353,50,92946,92433,741,93106,98666,22,1,8
6992,17944,16280,50,126068,124446,15219,126349,175832,174,1,9
6993,3306,1874,40,86904,86312,662,87074,92966,30,1,9
6994,17894,15359,40,219265,217454,8907,219535,261745,170,1,15
6995,17052,14698,40,88718,86925,16371,88988,137149,167,1,15
6996,9518,8856,40,247017,245383,641,247248,266293,112,1,22
6997,17363,21961,40,265522,262902,6021,265853,311238,244,1,22
6998,16882,18996,40,142540,139975,4859,142840,183627,214,1,27
6999,16612,21200,40,341786,338743,2605,342106,382563,235,1,38
7000,17473,20890,51,171293,168250,2505,171634,212552,235,1,38
7001,17453,21851,41,250323,247426,1883,250654,291881,246,1,31
7002,17523,22052,40,198105,195083,2044,198425,240094,247,1,34
7003,17563,21310,41,349660,346494,1252,349982,390157,241,1,39
7004,16411,22583,50,175151,172222,4960,175491,219485,251,1,30
7005,2905,2064,40,147439,146556,942,147609,153570,34,1,16
7006,16602,21771,41,399545,396357,1182,399876,439481,244,1,39
7007,17463,21681,40,178477,175282,3938,178808,221940,242,1,40
7008,16561,22292,40,432457,429059,2054,432788,473745,249,1,43
7009,17513,21831,40,193175,189849,2465,193516,235375,247,1,42
7010,12714,15800,40,268227,265860,712,268507,297793,186,1,27
7011,17473,21230,50,235676,232681,3296,236016,278065,241,1,33
7012,17423,21701,40,333290,330425,3437,333630,376231,244,1,31
7013,16552,21681,40,262326,259159,2785,262656,303714,242,1,39
7014,17523,20909,40,286081,283054,3336,286402,328200,237,1,37
7015,17633,21902,40,218072,215185,1774,218392,259751,245,1,30
7016,16531,21932,50,250664,247676,2535,251004,292042,248,1,33
7017,18505,21491,40,211089,208014,3707,211410,255173,244,1,35
7018,11111,12835,50,277795,275741,642,278065,302703,158,1,24
7019,17263,21400,40,288315,285179,2415,288636,329754,242,1,37
7020,17062,21902,40,333511,330594,3727,333841,376572,245,1,32
7021,17754,21290,40,242208,239175,4258,242538,285880,241,1,36
7022,16612,20769,51,279157,276384,2124,279478,319033,237,1,29
7023,17493,21430,40,270581,267435,5070,270902,314945,243,1,38
7024,16502,21490,50,240735,237859,5350,241076,284458,243,1,30
7025,17403,22202,40,345974,342989,832,346304,386791,248,1,32
7026,17663,21300,40,232529,229525,1604,232860,273477,240,1,34
7027,17663,22433,50,300308,297519,2495,300638,343289,249,1,26
7028,17634,21951,40,213513,210532,4549,213844,258018,248,1,31
7029,17453,21822,40,302943,299976,3426,303263,346024,244,1,33
7030,16841,21601,40,208875,205796,2484,209196,250162,243,1,36
7031,17473,21420,41,215086,212240,3296,215417,257657,243,1,29
7032,17423,21301,40,259691,256914,2926,260011,301721,241,1,27
7033,17654,21460,40,186001,183337,3617,186322,229103,240,1,25
7034,16662,20478,40,243420,240691,2004,243741,282935,235,1,28
7035,17854,21290,50,196932,193989,2735,197263,239192,239,1,32
7036,17543,21300,40,335293,332322,1392,335625,375910,239,1,34
7037,17363,21590,50,240374,237618,1864,240705,281582,244,1,27
7038,17423,20840,50,310397,307342,4629,310727,353659,239,1,37
7039,16552,21711,40,262136,258952,2114,262466,302883,246,1,39
7040,17453,21221,40,254842,251748,3276,255162,297152,241,1,36
7041,17072,21420,40,234413,231455,2946,234744,276232,239,1,34
7042,17653,20138,40,195950,193285,3908,196271,238010,230,1,27
7043,16552,20568,50,269650,266123,1843,269980,308984,232,1,31
7044,16471,21251,40,213003,210195,9047,213323,260142,240,1,29
7045,2234,1142,40,114867,114237,621,115028,119085,22,1,12
7046,17263,20779,40,353919,351113,4118,354240,396460,237,1,29
7047,17884,20849,51,137159,134361,4328,137490,180601,238,1,30
7048,17333,21410,40,352927,349881,5070,353258,397121,244,1,35
7049,17403,21912,50,225055,221903,4137,225386,268898,246,1,37
7050,16622,21109,50,212452,209655,2324,212792,252888,236,1,30
7051,16862,21411,40,283356,280211,2615,283676,324604,241,1,39
7052,16741,21782,40,194898,191990,3166,195229,236968,247,1,30
7053,16802,21681,50,286491,283494,5240,286822,330585,244,1,33
7054,17754,21080,40,196642,193773,4919,196962,240755,240,1,31
7055,16641,20770,40,285109,282225,5110,285429,328000,234,1,32
7056,17153,20428,50,250213,247202,4298,250534,292463,234,1,35
7057,16501,20659,40,428660,422009,10109,429402,477092,234,1,29
7058,33964,43272,391,408923,403735,5210,410005,492541,239,1,33
7059,16010,20679,40,280270,277433,2895,280631,320265,232,1,36
7060,16982,20459,40,175031,172236,3457,175341,216279,236,1,33
7061,16702,21240,40,252918,250260,2655,253229,293876,243,1,27
7062,16020,21731,40,141628,138892,3186,141939,182916,246,1,29
7063,16050,20680,40,253419,250801,3457,253729,293966,240,1,27
7064,16151,20739,40,164100,161406,4819,164411,206160,240,1,29
7065,5080,4037,40,241757,240404,641,241948,251736,59,1,26
7066,16221,20699,40,242929,240340,742,243250,280952,244,1,24
7067,16812,21079,40,175361,172686,5259,175672,218873,243,1,27
7068,15940,20429,41,272975,270280,6071,273277,315757,238,1,30
7069,15950,19818,40,184870,182195,5931,185180,226919,233,1,31
7070,15940,20309,40,199097,196352,4388,199407,240084,237,1,32
7071,16040,20138,40,460230,454389,8456,460791,505576,239,1,30
7072,33012,41709,251,246406,241241,5159,247248,327228,234,1,31
7073,16542,20949,40,210027,207494,4839,210388,252758,234,1,25
7074,16601,20729,40,150224,147560,4849,150535,192764,236,1,29
7075,16341,20809,40,248770,246129,3837,249071,290118,237,1,28
7076,15760,21190,40,186132,183397,3176,186442,226618,245,1,29
7077,16751,21140,40,244251,241317,4087,244573,286591,243,1,36
7078,16091,19276,40,187755,185271,2224,188056,225687,228,1,25
7079,16180,20309,40,304616,301812,2886,304926,344351,235,1,33
7080,16982,20859,40,198695,195718,2335,199016,239222,242,1,37
7081,15850,20709,40,195911,193336,2013,196231,234853,241,1,26
7082,16972,20118,40,197062,194391,5200,197373,239693,236,1,29
7083,16211,20408,40,210317,207662,3297,210618,250574,237,1,29
7084,16181,19757,30,174800,172077,7955,175111,219034,234,1,31
7085,2665,1533,40,89430,88847,661,89590,94509,28,1,10
7086,16842,20228,40,302101,299416,6072,302412,345604,233,1,29
7087,16040,19086,40,189097,186532,5731,189398,230315,224,1,29
7088,16070,19547,40,206200,203524,5400,206501,247548,229,1,30
7089,16020,20278,40,156216,153533,3546,156526,196421,242,1,29
7090,17343,21260,40,250113,247437,3947,250424,293024,236,1,30
7091,16401,19307,40,196632,193984,2966,196942,235656,230,1,29
7092,16822,20288,40,183196,180619,5150,183507,225817,238,1,26
7093,15920,19426,40,198245,195878,3797,198556,237749,230,1,22
7094,17093,20478,40,187825,185330,4388,188126,230135,228,1,26
7095,16011,19557,40,221940,219495,2615,222250,260473,233,1,23
7096,15950,19827,40,150133,147678,3526,150445,189798,234,1,23
7097,17143,20448,40,205829,203186,3326,206130,247097,240,1,27
7098,16781,19918,40,147870,145514,3356,148200,188305,234,1,20
7099,17563,20168,40,140395,138102,3607,140706,182094,231,1,20
7100,15920,20018,40,142419,140088,3857,142730,182555,236,1,19
7101,16050,19597,40,240424,237869,3577,240735,279999,230,1,27
7102,15930,19437,40,211039,208506,2575,211339,249341,227,1,28
7103,16661,20529,40,132220,129733,2275,132530,172035,237,1,24
7104,15970,21671,40,198836,196432,6402,199167,243260,250,1,18
7105,2955,1954,40,90401,89819,822,90571,96352,32,1,9
7106,16772,17272,40,148340,146346,2245,148631,184960,203,1,15
7107,16752,20418,40,126028,123626,2124,126349,165693,240,1,20
7108,13065,14828,40,163228,161226,662,163499,192094,177,1,21
7109,14688,17784,40,131399,129213,611,131679,164812,210,1,20
7110,16832,21360,40,236437,233994,3035,236768,278045,248,1,19
7111,17012,19948,40,95661,93407,2224,95971,135195,236,1,17
7112,14678,17332,40,180611,178616,642,180892,213594,205,1,15
7113,15860,20910,40,132190,129977,962,132500,170292,241,1,14
7114,16772,18545,40,107423,105388,1733,107724,144814,219,1,14
7115,5961,5501,40,92755,91852,631,92945,105078,78,1,9
7116,10509,6853,40,136257,135304,1764,136458,155634,90,1,8
7117,3948,2284,40,38052,37641,951,38223,45436,38,1,3
7118,9217,4980,40,113314,112534,1603,113504,129334,70,1,7
7119,1673,140,40,29175,29075,631,29316,31800,2,1,1
7120,3076,1373,40,70613,70263,591,70763,75853,24,1,4
7121,8636,251,40,20419,20249,1883,20559,31369,5,1,2
7122,932,110,40,7745,7654,621,7895,9588,1,1,1
7123,2815,932,40,17643,17433,821,17794,22402,18,1,1
7124,771,171,40,18124,18034,591,18264,19827,1,1,1
7125,3707,2074,40,24917,24576,601,25067,31499,35,1,1
7126,4549,3326,40,13836,13416,711,14017,22643,50,1,1
7127,2725,1833,40,46318,45948,721,46478,51808,32,1,3
7128,7204,521,40,17022,16832,1763,17172,26701,10,1,2
7129,2896,1272,41,19787,19547,621,19948,24777,23,1,1
7130,6903,110,40,2776,2686,1693,2906,11662,1,1,1
7131,3566,190,40,18495,18294,1503,18635,23945,4,1,3
7132,681,120,40,17614,17523,591,17754,19186,1,1,1
7133,6132,160,40,5070,4970,1974,5210,13536,3,1,1
7134,932,160,40,34725,34635,622,34865,36640,3,1,1
7135,7884,140,30,7785,7675,1783,7905,17763,3,1,1
7136,792,180,41,20608,20518,621,20750,22383,1,1,1
7137,3897,601,41,13074,12924,1603,13225,19366,11,1,1
7138,3667,100,40,6162,6082,2294,6302,12403,1,1,1
7139,3977,221,40,2845,2735,1634,2995,8857,5,1,1
7140,3767,141,40,3476,3386,8786,3617,16351,3,1,1
7141,3827,130,40,4950,4860,2154,5090,11261,3,1,1
7142,3947,120,40,7725,7614,1753,7855,13725,3,1,1
7143,5099,151,40,12774,12674,1643,12914,19847,3,1,1
7144,3346,101,40,4037,3957,4588,4178,12253,1,1,1
7145,3547,110,40,2615,2515,972,2735,7414,1,1,1
7146,3377,120,40,3316,3236,1103,3456,8086,1,1,1
7147,3477,110,40,4809,4719,2796,4939,11372,1,1,1
7148,3246,2024,40,14287,13957,1974,14437,21741,34,1,1
7149,4789,130,40,19156,19036,1713,19297,25979,2,1,2
7150,2675,1553,40,17222,16932,561,17373,22212,28,1,1
7151,8496,5520,40,41348,40688,2184,41539,57800,74,1,3
7152,5781,3908,40,68059,67376,561,68249,78539,62,1,5
7153,12324,350,40,24697,24546,1924,24847,39485,7,1,2
7154,1343,561,40,24456,24266,611,24606,27181,12,1,2
7155,7113,6142,40,73208,72398,721,73419,87435,86,1,5
7156,5500,1683,40,35377,35016,1062,35537,43832,25,1,4
7157,6883,6312,41,85291,84430,731,85492,99458,88,1,6
7158,7965,2145,40,38883,38403,2024,39043,51227,36,1,5
7159,5000,3456,40,98036,97406,601,98216,107313,55,1,6
7160,10891,4338,41,61656,60956,1854,61837,78960,64,1,6
7161,1222,371,40,42140,41909,751,42280,44674,9,1,3
7162,6763,361,40,27773,27512,1553,27913,36630,8,1,4
7163,1613,140,40,11432,11302,591,11572,13956,2,1,2
7164,3687,771,40,40958,40636,1874,41108,47470,15,1,4
7165,5330,1322,41,31118,30788,2335,31269,40296,23,1,3
7166,3276,2615,40,25899,25488,631,26069,32621,42,1,2
7167,9157,9468,40,75353,74300,561,75583,94799,122,1,4
7168,7294,1052,40,57088,56768,1764,57248,67408,20,1,4
7169,1543,110,40,5040,4950,601,5180,7484,1,1,1
7170,731,170,40,6652,6572,782,6793,8516,1,1,1
7171,3747,1994,40,20749,20429,551,20929,27271,35,1,1
7172,2074,401,40,8717,8566,621,8857,12013,9,1,1
7173,2785,982,40,34165,33905,772,34315,38904,20,1,2
7174,14888,110,41,12513,12433,2345,12654,30047,1,1,1
7175,3186,2475,40,39314,38884,591,39484,45786,39,1,3
7176,2214,421,40,19858,19628,631,19998,23314,10,1,3
7177,2585,751,40,19677,19467,631,19828,23855,15,1,2
7178,3386,1984,40,34465,34145,582,34635,40637,30,1,2
7179,3727,2124,40,22983,22633,582,23143,29626,37,1,1
7180,2795,1012,40,19507,19287,581,19667,24095,20,1,1
7181,1984,110,40,7565,7474,1553,7695,11392,1,1,1
7182,3186,1413,40,13005,12734,541,13165,18355,26,1,1
7183,2174,391,40,10991,10861,581,11141,14327,8,1,1
7184,6532,441,40,21200,21030,1513,21350,29876,9,1,2
7185,1733,151,40,19447,19346,681,19587,22192,3,1,1
7186,6362,140,41,2715,2625,982,2856,10380,2,1,1
7187,3888,601,40,15600,15400,1473,15750,21772,13,1,2
7188,2845,932,40,20449,20199,591,20599,25017,19,1,2
7189,1573,120,40,6362,6282,622,6502,8857,1,1,1
7190,6212,230,40,19427,19276,1683,19577,27752,5,1,2
7191,2314,561,40,14438,14267,551,14588,18044,12,1,1
7192,2004,381,40,17774,17603,581,17924,20940,8,1,2
7193,1512,111,40,10941,10850,781,11071,13525,1,1,1
7194,7034,711,40,18555,18345,1733,18706,28224,15,1,2
7195,1964,421,40,19276,19126,581,19417,22443,10,1,1
7196,8146,5410,40,36058,35417,1603,36259,51468,73,1,2
7197,5160,3697,40,67518,66877,571,67698,77166,58,1,5
7198,16792,7203,40,100119,99038,3276,100330,127651,100,1,9
7199,2906,2004,40,29085,28713,581,29255,34786,34,1,3
7200,4919,3707,41,57057,56436,622,57248,66536,57,1,5
7201,10289,10761,40,96713,95461,631,96953,118684,135,1,7
7202,14718,13616,40,97565,96041,1884,97825,128103,169,1,8
7203,7003,3497,40,72377,71646,641,72547,83738,53,1,8
7204,9518,9718,40,85201,83989,691,85431,105419,122,1,9
7205,13897,11972,40,77927,76415,2295,78178,106392,152,1,12
7206,5611,4468,40,89870,89039,541,90060,100720,65,1,9
7207,13505,10851,40,114266,112823,1483,114506,140385,137,1,12
7208,4408,2956,40,92605,91924,691,92775,100880,46,1,9
7209,12494,10299,40,113104,111760,4248,113344,140425,135,1,9
7210,6492,5290,40,94629,93748,692,94829,107343,79,1,8
7211,17293,19908,40,128303,126179,2925,128603,168779,233,1,12
7212,16842,18806,40,48492,46587,1843,48792,86333,217,1,9
7213,16992,18455,40,159331,157258,952,159621,196060,219,1,14
7214,11301,12524,40,131940,130208,671,132190,156736,160,1,15
7215,16952,11863,40,83959,82514,7574,84209,120658,150,1,9
7216,3327,2294,40,99378,98828,581,99538,105790,38,1,7
7217,19317,18986,40,159963,157819,2364,160273,200970,228,1,14
7218,16862,18685,40,88587,86543,3687,88888,128172,219,1,14
7219,17072,17894,40,158069,155982,3517,158359,196892,209,1,15
7220,16832,18985,40,63089,61068,3146,63409,102403,222,1,13
7221,16030,20449,40,181784,179372,1643,182104,220266,241,1,18
7222,16832,19046,40,87155,84870,1723,87465,125116,227,1,20
7223,17223,16411,40,139113,137179,2083,139394,175171,196,1,14
7224,16772,20489,40,106472,104207,1703,106782,145786,237,1,15
7225,16942,20599,40,134635,132320,2484,134945,175000,244,1,16
7226,17032,20739,40,109417,107071,1813,109728,149362,239,1,18
7227,15940,20549,40,155033,152719,1864,155343,193736,240,1,16
7228,8856,6311,40,118925,117791,4047,119136,138391,87,1,13
7229,5711,4038,30,154572,153580,632,154752,165173,61,1,14
7230,16471,20489,40,195930,193455,4829,196241,238070,243,1,21
7231,16481,14007,40,72597,70814,12603,72858,116009,169,1,16
7232,5620,4128,41,152548,151534,611,152739,163128,61,1,14
7233,16892,19546,40,179479,177154,6132,179789,222390,227,1,19
7234,16060,18535,40,181844,179521,7093,182145,223873,218,1,22
7235,16060,18475,40,190750,188424,6011,191042,231628,220,1,20
7236,15970,18505,41,80922,78669,4087,81224,119846,221,1,19
7237,16011,18926,40,216509,214144,2776,216799,254562,220,1,21
7238,16030,19627,40,114246,111829,3296,114556,153550,231,1,22
7239,16161,20629,40,197904,195409,5100,198214,240154,238,1,22
7240,16191,19056,40,130787,128331,6822,131088,173207,227,1,24
7241,16170,18435,40,194016,191710,6722,194318,235695,219,1,21
7242,17032,17253,40,183958,181706,6873,184228,225436,204,1,22
7243,16461,18766,40,141979,139572,5751,142279,183297,223,1,22
7244,16932,17764,40,198536,196111,5981,198826,239533,211,1,25
7245,16642,18615,40,176835,174477,3977,177125,216399,220,1,22
7246,15920,19838,40,125568,123188,3396,125868,165072,233,1,20
7247,16140,19497,40,119295,116993,6062,119596,161335,228,1,18
7248,7785,5821,40,128352,127301,891,128553,143100,81,1,12
7249,16852,19527,40,243991,241549,2235,244291,282935,226,1,23
7250,16572,18895,40,88507,86313,1723,88808,126038,223,1,17
7251,16872,20289,40,134625,132370,1583,134935,173719,233,1,16
7252,15770,16171,40,166405,164381,731,166685,199387,192,1,18
7253,9388,9157,41,139323,137859,611,139554,158750,119,1,16
7254,14918,13556,40,169009,167335,4007,169270,201801,170,1,12
7255,3567,2184,40,55765,55245,602,55935,62338,37,1,6
7256,16762,20960,40,190190,188006,1352,190490,229624,241,1,11
7257,7464,3487,40,75773,75042,3888,75933,90822,51,1,9
7258,2946,1974,40,45696,45235,572,45866,51398,33,1,5
7259,15580,18805,40,103195,101303,1072,103496,138983,218,1,8
7260,16962,121,30,12734,12634,3527,12874,33514,1,1,1
7261,3647,3176,40,91102,90452,612,91282,98767,50,1,7
7262,7595,7344,40,75332,74360,592,75532,91113,99,1,6
7263,2726,300,40,21882,21752,621,22032,25729,7,1,1
7264,2965,110,40,4298,4198,1443,4429,8997,1,1,1
7265,2885,111,40,2765,2665,6402,2885,12343,1,1,1
7266,2956,100,40,3507,3417,6422,3637,13155,1,1,1
7267,3156,100,40,4940,4860,1963,5080,10339,1,1,1
7268,3045,111,40,7664,7574,1654,7794,12644,1,1,1
7269,722,180,40,11732,11642,761,11862,13566,1,1,1
7270,741,180,41,5079,4989,581,5210,6762,1,1,1
7271,6642,110,40,12674,12594,1663,12815,21280,1,1,1
7272,2835,111,40,4378,4298,2765,4508,10269,1,1,1
7273,691,171,40,25157,25067,611,25287,26811,1,1,1
7274,5751,120,40,2595,2515,962,2735,9608,1,1,1
7275,2956,110,40,3387,3297,4588,3517,11221,1,1,1
7276,2975,100,41,4839,4749,2434,4970,10529,1,1,1
7277,2735,100,40,7645,7565,1863,7785,12533,1,1,1
7278,2495,100,41,12633,12543,2073,12765,17473,1,1,1
7279,33193,45516,120,515805,510596,1753,516536,597079,255,1,24
7280,1954,1072,40,254722,253078,1452,255132,259791,19,1,14
7281,22924,26760,241,458326,454156,842,459118,509754,152,1,27
7282,12574,12944,80,250834,248842,561,251275,277424,86,1,20
7283,12143,13506,40,271313,269366,561,271573,297823,159,1,23
7284,9187,8606,40,283436,281883,621,283656,302111,110,1,23
7285,7213,6172,40,203144,201861,571,203344,217340,86,1,19
7286,7845,7093,40,187475,186263,681,187675,203334,96,1,14
7287,4399,2785,40,95110,94459,541,95280,103055,43,1,9
7288,2114,340,40,24607,24417,1172,24757,28423,7,1,3
7289,4038,230,40,22543,22381,1533,22673,28524,5,1,2
7290,6933,210,70,8225,8075,1203,8446,16842,1,1,1
7291,8175,190,70,9618,9478,1412,9838,19667,1,1,1
7292,8436,190,60,10731,10590,1623,10951,21250,1,1,1
7293,8476,190,61,14577,14417,1643,14788,25147,1,1,1
7294,11472,210,60,20288,20148,1944,20508,34185,1,1,1
7295,2926,100,40,10139,10049,1583,10270,14929,1,1,1
7296,2845,100,40,3197,3105,6582,3327,12914,1,1,1
7297,2955,100,40,3566,3476,4549,3697,11341,1,1,1
7298,2995,101,40,5069,4989,1664,5209,10009,1,1,1
7299,2956,160,40,7815,7725,1663,7945,12774,1,1,1
7300,6763,110,40,12744,12644,1753,12874,21550,1,1,1
7301,3066,100,40,4488,4388,2524,4619,10359,1,1,1
7302,2905,100,41,2765,2675,5500,2906,11451,1,1,1
7303,2946,100,40,3387,3296,4548,3517,11171,1,1,1
7304,2946,150,40,4890,4789,2124,5010,10290,1,1,1
7305,35197,46357,391,812916,805445,2234,814379,898318,256,1,29
7306,4168,2665,80,151366,150033,892,151707,159522,23,1,13
7307,26981,36028,80,456573,454136,642,457093,520815,207,1,27
7308,13926,16942,40,303955,301652,641,304235,335784,201,1,27
7309,11862,12063,40,388073,386260,842,388324,413131,145,1,23
7310,9568,9758,40,223352,221849,551,223583,243500,124,1,17
7311,8036,7043,40,42521,41529,631,42731,58501,97,1,8
7312,2946,120,40,7074,6963,1242,7204,11632,1,1,1
7313,9218,120,40,7805,7715,1763,7935,19076,1,1,1
7314,17363,20258,110,598692,594513,912,599343,638026,124,1,32
7315,8386,4559,40,213834,212444,632,214054,227671,64,1,26
7316,6572,6332,41,202572,201071,681,202773,216409,83,1,27
7317,6101,5090,40,275351,273790,561,275541,287333,72,1,30
7318,6512,5761,40,327439,325966,571,327639,340523,80,1,27
7319,4689,3266,40,250273,249201,601,250454,259050,51,1,19
7320,4599,3066,40,256505,255503,611,256685,265011,49,1,18
7321,4890,3055,40,274248,273386,762,274419,283166,47,1,14
7322,4067,2385,40,141478,140945,761,141648,148911,39,1,6
7323,2525,281,40,22683,22563,651,22833,26330,7,1,1
7324,2114,121,40,6091,6001,1143,6231,9649,1,1,1
7325,2004,120,40,6182,6091,1022,6322,9508,1,1,1
7326,4088,1683,121,135416,134305,922,135827,142610,14,1,11
7327,2154,441,70,58361,57859,812,58641,62138,5,1,5
