label,condition,cycle,phase,MemFree_kB,MemAvailable_kB,Slab_kB,SReclaimable_kB,SUnreclaim_kB,KernelStack_kB,VmallocUsed_kB,PageTables_kB,Committed_AS_kB,dmesg_delta
nvidia-uvm,reload_only,1,before,56547836,59435688,461092,190076,271016,21120,137128,41440,8254364,0
nvidia-uvm,reload_only,1,after,56452800,59396400,460688,190076,270612,21120,176108,41520,8258856,2
nvidia-uvm,reload_only,2,before,56447144,59390744,460688,190076,270612,21120,176172,41520,8258856,0
nvidia-uvm,reload_only,2,after,56437052,59381344,460788,190068,270720,21184,176156,41364,8258856,2
nvidia-uvm,reload_only,3,before,56440284,59384576,460788,190068,270720,21152,176156,41244,8258856,0
nvidia-uvm,reload_only,3,after,56440908,59385204,460804,190068,270736,21264,176108,41580,8258856,2
nvidia-uvm,reload_only,4,before,56435760,59380056,460804,190068,270736,21200,176188,41360,8258856,0
nvidia-uvm,reload_only,4,after,56436440,59380736,460804,190060,270744,21200,176204,41424,8258856,2
nvidia-uvm,reload_only,5,before,56430344,59374644,460804,190060,270744,21168,176252,42120,8258856,0
nvidia-uvm,reload_only,5,after,56430444,59374872,460836,190060,270776,21184,176220,41656,8258856,2
nvidia-uvm,reload_cufft,1,before,56423328,59367804,460924,190092,270832,21288,176220,41932,8254396,0
nvidia-uvm,reload_cufft,1,after,56107488,59120192,463708,190092,273616,21232,176156,41264,8258888,2
nvidia-uvm,reload_cufft,2,before,56104408,59117112,463708,190092,273616,21216,176204,41620,8258888,0
nvidia-uvm,reload_cufft,2,after,55847764,58860924,463704,190092,273612,21296,176188,41440,8258888,2
nvidia-uvm,reload_cufft,3,before,55840240,58853400,463704,190092,273612,21248,176300,41720,8258888,0
nvidia-uvm,reload_cufft,3,after,55545756,58558928,464236,190092,274144,21248,176252,41296,8258888,2
nvidia-uvm,reload_cufft,4,before,55541564,58554736,464236,190092,274144,21232,176284,41244,8258888,0
nvidia-uvm,reload_cufft,4,after,55314624,58327828,464084,190124,273960,21360,176236,41448,8258904,2
nvidia-uvm,reload_cufft,5,before,55310584,58323788,464084,190124,273960,21360,176268,41444,8258904,0
nvidia-uvm,reload_cufft,5,after,55060668,58073880,464352,190124,274228,21312,176204,41432,8258904,2
nvidia-uvm,reload_stencil,1,before,55052184,58065396,464352,190124,274228,21280,176236,42124,8258904,0
nvidia-uvm,reload_stencil,1,after,54814724,57828248,465204,190156,275048,21264,176188,41420,8258888,3
nvidia-uvm,reload_stencil,2,before,54809172,57822696,465204,190156,275048,21400,176268,41964,8258888,0
nvidia-uvm,reload_stencil,2,after,54574800,57588356,465772,190156,275616,21296,176188,41468,8259084,2
nvidia-uvm,reload_stencil,3,before,54570004,57583560,465772,190156,275616,21296,176220,41864,8259084,0
nvidia-uvm,reload_stencil,3,after,54333528,57347124,466340,190188,276152,21296,176204,41532,8259212,2
nvidia-uvm,reload_stencil,4,before,54323024,57336620,466340,190188,276152,21280,176268,41476,8259212,0
nvidia-uvm,reload_stencil,4,after,54018344,57031944,466396,190188,276208,21248,176204,41536,8259196,2
nvidia-uvm,reload_stencil,5,before,54010264,57023868,466396,190188,276208,21232,176236,41472,8259196,0
nvidia-uvm,reload_stencil,5,after,53713296,56726908,466696,190188,276508,21280,176156,41532,8259196,2
nvidia-uvm,cuda_no_reload,1,before,53756124,56769740,464236,190188,274048,21232,176188,41452,8259196,0
nvidia-uvm,cuda_no_reload,1,after,53525340,56538964,466048,190188,275860,21248,176220,41424,8259196,0
nvidia-uvm,cuda_no_reload,2,before,53524532,56538156,466048,190188,275860,21248,176252,41424,8259196,0
nvidia-uvm,cuda_no_reload,2,after,53551012,56564636,465780,190188,275592,21312,176204,41480,8259196,0
nvidia-uvm,cuda_no_reload,3,before,53550664,56564288,465780,190188,275592,21344,176236,42308,8259196,0
nvidia-uvm,cuda_no_reload,3,after,53551292,56564936,465976,190188,275788,21248,176204,41304,8246964,0
nvidia-uvm,cuda_no_reload,4,before,53550484,56564128,465976,190188,275788,21232,176236,41284,8246964,0
nvidia-uvm,cuda_no_reload,4,after,53552392,56566036,466128,190188,275940,21296,176236,41444,8246964,0
nvidia-uvm,cuda_no_reload,5,before,53547544,56561188,466128,190188,275940,21296,176316,41456,8246964,0
nvidia-uvm,cuda_no_reload,5,after,53550200,56563852,466596,190188,276408,21280,176268,41540,8246980,0
nvidia-uvm,reload_cufft,1,before,53593308,56630676,466256,190188,276068,21184,176156,41852,8236356,0
nvidia-uvm,reload_cufft,1,after,53354380,56391928,466180,190188,275992,21296,176172,41340,8240848,2
nvidia-uvm,reload_cufft,2,before,53347108,56384656,466180,190188,275992,21296,176236,41340,8240848,0
nvidia-uvm,reload_cufft,2,after,53085104,56122672,466220,190188,276032,21280,176220,41344,8240848,2
nvidia-uvm,reload_cufft,3,before,53085760,56123328,466220,190188,276032,21280,176236,41728,8240848,0
nvidia-uvm,reload_cufft,3,after,52850356,55887932,465684,190188,275496,21264,176204,41060,8240832,2
nvidia-uvm,reload_cufft,4,before,52846064,55883640,465684,190188,275496,21264,176220,41540,8240832,0
nvidia-uvm,reload_cufft,4,after,52563172,55600844,465940,190156,275784,21264,176220,41336,8240836,2
nvidia-uvm,reload_cufft,5,before,52565596,55603268,465940,190156,275784,21264,176236,41752,8240836,0
nvidia-uvm,reload_cufft,5,after,52304820,55342496,466348,190156,276192,21248,176220,41236,8240916,2
nvidia-uvm,reload_cufft,1,before,52324812,55363416,465988,190156,275832,21088,176140,41708,8230720,0
nvidia-uvm,reload_cufft,1,after,52054312,55095140,465756,190156,275600,21216,176140,41108,8236664,2
nvidia-uvm,reload_cufft,2,before,52050676,55091512,465756,190156,275600,21200,176156,41064,8236664,0
nvidia-uvm,reload_cufft,2,after,51719904,54760744,466148,190156,275992,21232,176204,41296,8275820,2
nvidia-uvm,reload_cufft,3,before,51719644,54760484,466148,190156,275992,21232,176204,41752,8275820,0
nvidia-uvm,reload_cufft,3,after,51472356,54513196,465864,190156,275708,21232,176140,41404,8275804,2
nvidia-uvm,reload_cufft,4,before,51463216,54504056,465864,190156,275708,21232,176172,41820,8275804,0
nvidia-uvm,reload_cufft,4,after,51216324,54257168,465988,190156,275832,21232,176172,41404,8275804,2
nvidia-uvm,reload_cufft,5,before,51214304,54255148,465988,190156,275832,21200,176220,42100,8275804,0
nvidia-uvm,reload_cufft,5,after,50970380,54011232,465972,190156,275816,21232,176204,41368,8275804,2
nvidia-uvm-stock,reload_cufft,1,before,53483000,54153324,340576,74488,266088,20976,176060,41460,8276736,0
nvidia-uvm-stock,reload_cufft,1,after,53148980,53894000,341236,74488,266748,21072,137032,41420,8281228,0
nvidia-uvm-stock,reload_cufft,2,before,53145748,53890768,341236,74488,266748,21072,137032,41416,8281228,0
nvidia-uvm-stock,reload_cufft,2,after,52883048,53628348,341616,74488,267128,21088,137128,41308,8281228,0
nvidia-uvm-stock,reload_cufft,3,before,52874160,53619460,341616,74488,267128,21088,137176,41712,8281228,0
nvidia-uvm-stock,reload_cufft,3,after,52627840,53373188,341640,74488,267152,21104,137096,41468,8281648,0
nvidia-uvm-stock,reload_cufft,4,before,52622992,53368340,341640,74488,267152,21088,137112,41812,8281648,0
nvidia-uvm-stock,reload_cufft,4,after,52375988,53118440,341696,74488,267208,21104,137032,41420,8270056,0
nvidia-uvm-stock,reload_cufft,5,before,52374368,53116820,341696,74488,267208,21104,137080,41896,8270056,0
nvidia-uvm-stock,reload_cufft,5,after,52129780,52873768,341428,74488,266940,21072,137112,41320,8270056,0
