run_order_idx,timestamp_iso8601,config,bench,size,iters,rep_in_cell,phase,order_in_rotation,wall_s,per_iter_s,srcversion,dmesg_delta,mem_avail_before_kb,mem_avail_after_kb,atomic_processed,atomic_enqueued,atomic_drops,atomic_demand_faults,atomic_spec_hits,atomic_spec_migrations
1,2026-08-16T13:14:43Z,C0,bench_stencil_oversub,48000,8,warmup_1,warmup,C0first,12.05,1.506250,4488C9F6F75570BB2FB34F8,0,61269056,61021272,0,0,0,8893783,0,0
2,2026-08-16T13:14:56Z,C4,bench_stencil_oversub,48000,8,warmup_1,warmup,C0first,8.68,1.085000,4488C9F6F75570BB2FB34F8,0,61008680,60744364,5036554,5036554,294499,5331053,0,5036545
3,2026-08-16T13:15:05Z,C0,bench_stencil_oversub,48000,8,kept_2,kept,C0first,12.05,1.506250,4488C9F6F75570BB2FB34F8,0,60746684,60501792,0,0,0,8890662,0,0
4,2026-08-16T13:15:17Z,C4,bench_stencil_oversub,48000,8,kept_2,kept,C0first,8.71,1.088750,4488C9F6F75570BB2FB34F8,0,60494232,60246608,5010185,5010185,301295,5311480,0,5010173
5,2026-08-16T13:15:27Z,C0,bench_stencil_oversub,48000,8,kept_3,kept,C0first,12.04,1.505000,4488C9F6F75570BB2FB34F8,0,60249188,60000380,0,0,0,8871884,0,0
6,2026-08-16T13:15:39Z,C4,bench_stencil_oversub,48000,8,kept_3,kept,C0first,8.97,1.121250,4488C9F6F75570BB2FB34F8,0,59986760,59731840,5251810,5251810,294611,5546421,0,5251804
7,2026-08-16T13:15:49Z,C4,bench_stencil_oversub,48000,8,kept_4,kept,C4first,8.96,1.120000,4488C9F6F75570BB2FB34F8,0,59671548,59471164,5264765,5264765,295522,5560287,0,5264754
8,2026-08-16T13:15:58Z,C0,bench_stencil_oversub,48000,8,kept_4,kept,C4first,12.02,1.502500,4488C9F6F75570BB2FB34F8,0,59474056,59232776,0,0,0,8848239,0,0
9,2026-08-16T13:16:11Z,C0,bench_stencil_oversub,48000,8,kept_5,kept,C0first,12.04,1.505000,4488C9F6F75570BB2FB34F8,0,59228812,58971880,0,0,0,8858661,0,0
10,2026-08-16T13:16:24Z,C4,bench_stencil_oversub,48000,8,kept_5,kept,C0first,9.02,1.127500,4488C9F6F75570BB2FB34F8,0,58956116,58717756,5251535,5251535,300171,5551706,0,5251530
11,2026-08-16T13:16:33Z,C0,bench_stencil_oversub,48000,8,kept_6,kept,C0first,12.06,1.507500,4488C9F6F75570BB2FB34F8,0,58687600,58475980,0,0,0,8870306,0,0
12,2026-08-16T13:16:46Z,C4,bench_stencil_oversub,48000,8,kept_6,kept,C0first,8.72,1.090000,4488C9F6F75570BB2FB34F8,0,58471268,58216568,5004956,5004956,307886,5312842,0,5004946
13,2026-08-16T13:16:55Z,C4,bench_stencil_oversub,48000,8,kept_7,kept,C4first,8.74,1.092500,4488C9F6F75570BB2FB34F8,0,58205344,57951080,5023174,5023174,292683,5315857,0,5023170
14,2026-08-16T13:17:04Z,C0,bench_stencil_oversub,48000,8,kept_7,kept,C4first,12.02,1.502500,4488C9F6F75570BB2FB34F8,0,57906172,57712424,0,0,0,8892403,0,0
15,2026-08-16T13:17:17Z,C0,bench_stencil_oversub,48000,8,kept_8,kept,C0first,12.05,1.506250,4488C9F6F75570BB2FB34F8,0,57711984,57458864,0,0,0,8867184,0,0
16,2026-08-16T13:17:29Z,C4,bench_stencil_oversub,48000,8,kept_8,kept,C0first,9.00,1.125000,4488C9F6F75570BB2FB34F8,0,57449116,57196492,5263001,5263001,300213,5563214,0,5262993
17,2026-08-16T13:17:39Z,C4,bench_stencil_oversub,48000,8,kept_9,kept,C4first,8.95,1.118750,4488C9F6F75570BB2FB34F8,0,57145204,56940960,5248174,5248174,298432,5546606,0,5248164
18,2026-08-16T13:17:48Z,C0,bench_stencil_oversub,48000,8,kept_9,kept,C4first,12.05,1.506250,4488C9F6F75570BB2FB34F8,0,56943620,56691944,0,0,0,8884225,0,0
19,2026-08-16T13:18:01Z,C4,bench_stencil_oversub,48000,8,kept_10,kept,C4first,8.99,1.123750,4488C9F6F75570BB2FB34F8,0,56675352,56430760,5261854,5261854,302736,5564590,0,5261845
20,2026-08-16T13:18:11Z,C0,bench_stencil_oversub,48000,8,kept_10,kept,C4first,12.05,1.506250,4488C9F6F75570BB2FB34F8,0,56434536,56190404,0,0,0,8902345,0,0
21,2026-08-16T13:18:23Z,C0,bench_stencil_oversub,48000,8,kept_11,kept,C0first,12.05,1.506250,4488C9F6F75570BB2FB34F8,0,56183080,55927440,0,0,0,8882294,0,0
22,2026-08-16T13:18:36Z,C4,bench_stencil_oversub,48000,8,kept_11,kept,C0first,8.98,1.122500,4488C9F6F75570BB2FB34F8,0,55924396,55670360,5256287,5256287,296434,5552721,0,5256279
23,2026-08-16T13:20:26Z,C0,bench_stencil_oversub,48000,12,warmup_1,warmup,C0first,17.08,1.423333,4488C9F6F75570BB2FB34F8,0,55412176,55160832,0,0,0,13320739,0,0
24,2026-08-16T13:20:43Z,C4,bench_stencil_oversub,48000,12,warmup_1,warmup,C0first,19.49,1.624167,4488C9F6F75570BB2FB34F8,0,55154556,54904776,5302213,5302213,7558981,12861194,1195,5236459
25,2026-08-16T13:21:03Z,C0,bench_stencil_oversub,48000,12,kept_2,kept,C0first,17.09,1.424167,4488C9F6F75570BB2FB34F8,0,54908112,54659012,0,0,0,13311902,0,0
26,2026-08-16T13:21:21Z,C4,bench_stencil_oversub,48000,12,kept_2,kept,C0first,19.45,1.620833,4488C9F6F75570BB2FB34F8,0,54652268,54398792,5270195,5270195,7588188,12858383,1265,5203727
27,2026-08-16T13:21:41Z,C4,bench_stencil_oversub,48000,12,kept_3,kept,C4first,19.24,1.603333,4488C9F6F75570BB2FB34F8,0,54405656,54147336,5431304,5431304,7421753,12853057,1054,5367192
28,2026-08-16T13:22:01Z,C0,bench_stencil_oversub,48000,12,kept_3,kept,C4first,17.07,1.422500,4488C9F6F75570BB2FB34F8,0,54160208,53904220,0,0,0,13327637,0,0
29,2026-08-16T13:22:19Z,C4,bench_stencil_oversub,48000,12,kept_4,kept,C4first,19.77,1.647500,4488C9F6F75570BB2FB34F8,0,53895560,53637460,5375975,5375975,7469478,12845453,856,5314304
30,2026-08-16T13:22:39Z,C0,bench_stencil_oversub,48000,12,kept_4,kept,C4first,17.07,1.422500,4488C9F6F75570BB2FB34F8,0,53646448,53384936,0,0,0,13333566,0,0
31,2026-08-16T13:22:56Z,C4,bench_stencil_oversub,48000,12,kept_5,kept,C4first,19.55,1.629167,4488C9F6F75570BB2FB34F8,0,53370512,53081944,5507283,5507283,7339880,12847163,605,5446049
32,2026-08-16T13:23:17Z,C0,bench_stencil_oversub,48000,12,kept_5,kept,C4first,17.10,1.425000,4488C9F6F75570BB2FB34F8,0,53087728,52845996,0,0,0,13322218,0,0
33,2026-08-16T13:23:34Z,C4,bench_stencil_oversub,48000,12,kept_6,kept,C4first,19.37,1.614167,4488C9F6F75570BB2FB34F8,0,52841876,52583696,5405096,5405096,7449606,12854702,1134,5341075
34,2026-08-16T13:23:54Z,C0,bench_stencil_oversub,48000,12,kept_6,kept,C4first,17.08,1.423333,4488C9F6F75570BB2FB34F8,0,52584148,52345524,0,0,0,13272340,0,0
35,2026-08-16T13:24:12Z,C0,bench_stencil_oversub,48000,12,kept_7,kept,C0first,17.07,1.422500,4488C9F6F75570BB2FB34F8,0,52337972,52121392,0,0,0,13293689,0,0
36,2026-08-16T13:24:30Z,C4,bench_stencil_oversub,48000,12,kept_7,kept,C0first,19.66,1.638333,4488C9F6F75570BB2FB34F8,0,52112104,51859140,5322605,5322605,7544061,12866666,952,5258320
37,2026-08-16T13:24:50Z,C0,bench_stencil_oversub,48000,12,kept_8,kept,C0first,17.11,1.425833,4488C9F6F75570BB2FB34F8,0,51872408,51623792,0,0,0,13312171,0,0
38,2026-08-16T13:25:08Z,C4,bench_stencil_oversub,48000,12,kept_8,kept,C0first,19.50,1.625000,4488C9F6F75570BB2FB34F8,0,51606888,51353964,5414213,5414213,7462421,12876634,1274,5348038
39,2026-08-16T13:25:28Z,C0,bench_stencil_oversub,48000,12,kept_9,kept,C0first,17.07,1.422500,4488C9F6F75570BB2FB34F8,0,51363484,51109140,0,0,0,13279228,0,0
40,2026-08-16T13:25:45Z,C4,bench_stencil_oversub,48000,12,kept_9,kept,C0first,19.79,1.649167,4488C9F6F75570BB2FB34F8,0,51101460,50849180,5091815,5091815,7790624,12882439,1586,5023384
41,2026-08-16T13:26:06Z,C0,bench_stencil_oversub,48000,12,kept_10,kept,C0first,17.10,1.425000,4488C9F6F75570BB2FB34F8,0,50860256,50598980,0,0,0,13351446,0,0
42,2026-08-16T13:26:23Z,C4,bench_stencil_oversub,48000,12,kept_10,kept,C0first,19.45,1.620833,4488C9F6F75570BB2FB34F8,0,50588836,50329884,5481370,5481370,7375395,12856765,961,5417924
43,2026-08-16T13:26:43Z,C0,bench_stencil_oversub,48000,12,kept_11,kept,C0first,17.09,1.424167,4488C9F6F75570BB2FB34F8,0,50328476,50078368,0,0,0,13258370,0,0
44,2026-08-16T13:27:01Z,C4,bench_stencil_oversub,48000,12,kept_11,kept,C0first,19.54,1.628333,4488C9F6F75570BB2FB34F8,0,50065200,49835508,5256021,5256021,7611354,12867375,1458,5188204
45,2026-08-16T13:29:31Z,C0,bench_stencil_oversub,48000,16,warmup_1,warmup,C0first,22.12,1.382500,4488C9F6F75570BB2FB34F8,1,49579152,49321008,0,0,0,17778828,0,0
46,2026-08-16T13:29:54Z,C4,bench_stencil_oversub,48000,16,warmup_1,warmup,C0first,23.00,1.437500,4488C9F6F75570BB2FB34F8,0,49299936,49055584,4541387,4541387,12183900,16725287,0,4437701
47,2026-08-16T13:30:17Z,C4,bench_stencil_oversub,48000,16,kept_2,kept,C4first,22.98,1.436250,4488C9F6F75570BB2FB34F8,0,49053424,48813900,4509638,4509638,12214633,16724271,0,4405727
48,2026-08-16T13:30:41Z,C0,bench_stencil_oversub,48000,16,kept_2,kept,C4first,22.14,1.383750,4488C9F6F75570BB2FB34F8,0,48832904,48578192,0,0,0,17817817,0,0
49,2026-08-16T13:31:04Z,C0,bench_stencil_oversub,48000,16,kept_3,kept,C0first,22.13,1.383125,4488C9F6F75570BB2FB34F8,1,48578436,48310476,0,0,0,17704891,0,0
50,2026-08-16T13:31:26Z,C4,bench_stencil_oversub,48000,16,kept_3,kept,C0first,23.31,1.456875,4488C9F6F75570BB2FB34F8,0,48315768,48060960,4471337,4471337,12247965,16719302,0,4367866
51,2026-08-16T13:31:50Z,C4,bench_stencil_oversub,48000,16,kept_4,kept,C4first,22.88,1.430000,4488C9F6F75570BB2FB34F8,0,48062176,47799424,4467055,4467055,12269062,16736117,2,4362987
52,2026-08-16T13:32:14Z,C0,bench_stencil_oversub,48000,16,kept_4,kept,C4first,22.07,1.379375,4488C9F6F75570BB2FB34F8,0,47803524,47545480,0,0,0,17705509,0,0
53,2026-08-16T13:32:36Z,C0,bench_stencil_oversub,48000,16,kept_5,kept,C0first,22.13,1.383125,4488C9F6F75570BB2FB34F8,1,47543396,47296548,0,0,0,17741772,0,0
54,2026-08-16T13:32:59Z,C4,bench_stencil_oversub,48000,16,kept_5,kept,C0first,23.07,1.441875,4488C9F6F75570BB2FB34F8,0,47295860,47043772,4487775,4487775,12243156,16730931,0,4383539
55,2026-08-16T13:33:23Z,C4,bench_stencil_oversub,48000,16,kept_6,kept,C4first,23.09,1.443125,4488C9F6F75570BB2FB34F8,0,47037072,46771120,4529132,4529132,12196544,16725676,0,4424489
56,2026-08-16T13:33:46Z,C0,bench_stencil_oversub,48000,16,kept_6,kept,C4first,22.10,1.381250,4488C9F6F75570BB2FB34F8,0,46789360,46541392,0,0,0,17725176,0,0
57,2026-08-16T13:34:09Z,C4,bench_stencil_oversub,48000,16,kept_7,kept,C4first,23.07,1.441875,4488C9F6F75570BB2FB34F8,0,46528076,46273356,4445358,4445358,12278687,16724045,0,4341317
58,2026-08-16T13:34:32Z,C0,bench_stencil_oversub,48000,16,kept_7,kept,C4first,22.09,1.380625,4488C9F6F75570BB2FB34F8,1,46277308,46035996,0,0,0,17761541,0,0
59,2026-08-16T13:34:55Z,C0,bench_stencil_oversub,48000,16,kept_8,kept,C0first,22.11,1.381875,4488C9F6F75570BB2FB34F8,0,46034664,45774044,0,0,0,17696718,0,0
60,2026-08-16T13:35:18Z,C4,bench_stencil_oversub,48000,16,kept_8,kept,C0first,22.77,1.423125,4488C9F6F75570BB2FB34F8,0,45769712,45519428,4525147,4525147,12203507,16728654,0,4420904
61,2026-08-16T13:35:41Z,C4,bench_stencil_oversub,48000,16,kept_9,kept,C4first,22.82,1.426250,4488C9F6F75570BB2FB34F8,0,45511748,45262252,4501936,4501936,12223301,16725237,0,4397543
62,2026-08-16T13:36:05Z,C0,bench_stencil_oversub,48000,16,kept_9,kept,C4first,22.10,1.381250,4488C9F6F75570BB2FB34F8,1,45265828,45014800,0,0,0,17726950,0,0
63,2026-08-16T13:36:27Z,C0,bench_stencil_oversub,48000,16,kept_10,kept,C0first,22.10,1.381250,4488C9F6F75570BB2FB34F8,0,45017096,44767596,0,0,0,17724155,0,0
64,2026-08-16T13:36:50Z,C4,bench_stencil_oversub,48000,16,kept_10,kept,C0first,22.99,1.436875,4488C9F6F75570BB2FB34F8,0,44753612,44497416,4568876,4568876,12154391,16723267,0,4464777
65,2026-08-16T13:37:13Z,C0,bench_stencil_oversub,48000,16,kept_11,kept,C0first,22.16,1.385000,4488C9F6F75570BB2FB34F8,0,44500780,44259104,0,0,0,17754032,0,0
66,2026-08-16T13:37:36Z,C4,bench_stencil_oversub,48000,16,kept_11,kept,C0first,23.09,1.443125,4488C9F6F75570BB2FB34F8,0,44255432,43990788,4484140,4484140,12235474,16719614,0,4380470
67,2026-08-16T13:40:40Z,C4,bench_stencil_oversub,48000,20,warmup_1,warmup,C4first,17.38,0.869000,4488C9F6F75570BB2FB34F8,0,43723540,43463444,4309089,4309089,7025593,11334682,1515,4247767
68,2026-08-16T13:40:58Z,C0,bench_stencil_oversub,48000,20,warmup_1,warmup,C4first,27.15,1.357500,4488C9F6F75570BB2FB34F8,1,43475544,43219336,0,0,0,22225863,0,0
69,2026-08-16T13:41:26Z,C4,bench_stencil_oversub,48000,20,kept_2,kept,C4first,17.38,0.869000,4488C9F6F75570BB2FB34F8,0,43206232,42965400,4226953,4226953,7104437,11331390,2055,4163767
70,2026-08-16T13:41:44Z,C0,bench_stencil_oversub,48000,20,kept_2,kept,C4first,27.17,1.358500,4488C9F6F75570BB2FB34F8,1,42970836,42717436,0,0,0,22153347,0,0
71,2026-08-16T13:42:11Z,C4,bench_stencil_oversub,48000,20,kept_3,kept,C4first,17.13,0.856500,4488C9F6F75570BB2FB34F8,0,42708132,42450392,3920594,3920594,7409603,11330197,779,3858987
72,2026-08-16T13:42:29Z,C0,bench_stencil_oversub,48000,20,kept_3,kept,C4first,27.13,1.356500,4488C9F6F75570BB2FB34F8,1,42447840,42217952,0,0,0,22211935,0,0
73,2026-08-16T13:42:57Z,C4,bench_stencil_oversub,48000,20,kept_4,kept,C4first,17.69,0.884500,4488C9F6F75570BB2FB34F8,0,42206692,41958780,4072747,4072747,7257249,11329996,1244,4013753
74,2026-08-16T13:43:15Z,C0,bench_stencil_oversub,48000,20,kept_4,kept,C4first,27.19,1.359500,4488C9F6F75570BB2FB34F8,1,41969192,41707188,0,0,0,22182770,0,0
75,2026-08-16T13:43:43Z,C4,bench_stencil_oversub,48000,20,kept_5,kept,C4first,17.34,0.867000,4488C9F6F75570BB2FB34F8,0,41698296,41437064,4325405,4325405,7009583,11334988,1256,4266225
76,2026-08-16T13:44:01Z,C0,bench_stencil_oversub,48000,20,kept_5,kept,C4first,27.18,1.359000,4488C9F6F75570BB2FB34F8,1,41450132,41193008,0,0,0,22212425,0,0
77,2026-08-16T13:44:28Z,C4,bench_stencil_oversub,48000,20,kept_6,kept,C4first,17.44,0.872000,4488C9F6F75570BB2FB34F8,0,41183436,40939120,3892951,3892951,7445529,11338480,1965,3828646
78,2026-08-16T13:44:46Z,C0,bench_stencil_oversub,48000,20,kept_6,kept,C4first,27.18,1.359000,4488C9F6F75570BB2FB34F8,1,40954056,40701836,0,0,0,22202119,0,0
79,2026-08-16T13:45:14Z,C0,bench_stencil_oversub,48000,20,kept_7,kept,C0first,27.11,1.355500,4488C9F6F75570BB2FB34F8,0,40699028,40437356,0,0,0,22127114,0,0
80,2026-08-16T13:45:42Z,C4,bench_stencil_oversub,48000,20,kept_7,kept,C0first,17.42,0.871000,4488C9F6F75570BB2FB34F8,0,40428280,40172348,4160749,4160749,7166265,11327014,1862,4099917
81,2026-08-16T13:46:00Z,C0,bench_stencil_oversub,48000,20,kept_8,kept,C0first,27.21,1.360500,4488C9F6F75570BB2FB34F8,0,40183640,39930692,0,0,0,22190949,0,0
82,2026-08-16T13:46:27Z,C4,bench_stencil_oversub,48000,20,kept_8,kept,C0first,17.37,0.868500,4488C9F6F75570BB2FB34F8,0,39918700,39659128,4190567,4190567,7138212,11328779,1208,4130473
83,2026-08-16T13:46:45Z,C4,bench_stencil_oversub,48000,20,kept_9,kept,C4first,17.40,0.870000,4488C9F6F75570BB2FB34F8,0,39658628,39409308,4067280,4067280,7259594,11326874,2244,4002767
84,2026-08-16T13:47:03Z,C0,bench_stencil_oversub,48000,20,kept_9,kept,C4first,27.19,1.359500,4488C9F6F75570BB2FB34F8,1,39423000,39165016,0,0,0,22204692,0,0
85,2026-08-16T13:47:31Z,C4,bench_stencil_oversub,48000,20,kept_10,kept,C4first,17.50,0.875000,4488C9F6F75570BB2FB34F8,0,39155452,38910296,4001895,4001895,7333445,11335340,2149,3937841
86,2026-08-16T13:47:49Z,C0,bench_stencil_oversub,48000,20,kept_10,kept,C4first,27.17,1.358500,4488C9F6F75570BB2FB34F8,1,38914448,38662848,0,0,0,22160910,0,0
87,2026-08-16T13:48:17Z,C0,bench_stencil_oversub,48000,20,kept_11,kept,C0first,27.12,1.356000,4488C9F6F75570BB2FB34F8,0,38664720,38415216,0,0,0,22185828,0,0
88,2026-08-16T13:48:44Z,C4,bench_stencil_oversub,48000,20,kept_11,kept,C0first,17.81,0.890500,4488C9F6F75570BB2FB34F8,0,38413680,38150688,4136638,4136638,7197012,11333650,1472,4076440
