run_order_idx,timestamp_iso8601,config,bench,size,iters,rep_in_cell,phase,wall_s,per_iter_s,srcversion,dmesg_delta,mem_avail_before_kb,mem_avail_after_kb,atomic_processed,atomic_enqueued,atomic_drops,atomic_demand_faults,atomic_spec_hits,atomic_spec_migrations
1,2026-08-15T13:12:19Z,C0,bench_stencil_oversub,48000,1,warmup_1,warmup,3.26,3.260000,4488C9F6F75570BB2FB34F8,0,41431308,41246052,0,0,0,1089801,0,0
2,2026-08-15T13:12:23Z,C1,bench_stencil_oversub,48000,1,warmup_1,warmup,17.12,17.120000,4488C9F6F75570BB2FB34F8,0,41159832,40932940,0,0,0,12510545,0,0
3,2026-08-15T13:12:40Z,C3,bench_stencil_oversub,48000,1,warmup_1,warmup,17.99,17.990000,4488C9F6F75570BB2FB34F8,0,40917688,40657728,10937454,10937454,1688655,12626109,188,10933813
4,2026-08-15T13:12:59Z,C0,bench_stencil_oversub,48000,1,kept_2,kept,3.29,3.290000,4488C9F6F75570BB2FB34F8,0,40657260,40198268,0,0,0,1098046,0,0
5,2026-08-15T13:13:03Z,C1,bench_stencil_oversub,48000,1,kept_2,kept,17.17,17.170000,4488C9F6F75570BB2FB34F8,0,40191928,40139184,0,0,0,12526687,0,0
6,2026-08-15T13:13:21Z,C3,bench_stencil_oversub,48000,1,kept_2,kept,18.12,18.120000,4488C9F6F75570BB2FB34F8,0,40111628,39875340,10936285,10936285,1678985,12615270,314,10932460
7,2026-08-15T13:13:39Z,C0,bench_stencil_oversub,48000,1,kept_3,kept,3.28,3.280000,4488C9F6F75570BB2FB34F8,0,39886452,39625728,0,0,0,1090286,0,0
8,2026-08-15T13:13:43Z,C1,bench_stencil_oversub,48000,1,kept_3,kept,17.29,17.290000,4488C9F6F75570BB2FB34F8,0,39616684,39366932,0,0,0,12484848,0,0
9,2026-08-15T13:14:01Z,C3,bench_stencil_oversub,48000,1,kept_3,kept,18.05,18.050000,4488C9F6F75570BB2FB34F8,0,39304752,39077960,10929286,10929286,1680958,12610244,196,10925925
10,2026-08-15T13:14:20Z,C0,bench_stencil_oversub,48000,1,kept_4,kept,3.33,3.330000,4488C9F6F75570BB2FB34F8,0,39078680,38837532,0,0,0,1095779,0,0
11,2026-08-15T13:14:23Z,C1,bench_stencil_oversub,48000,1,kept_4,kept,17.25,17.250000,4488C9F6F75570BB2FB34F8,0,38825296,38610616,0,0,0,12507791,0,0
12,2026-08-15T13:14:41Z,C3,bench_stencil_oversub,48000,1,kept_4,kept,17.97,17.970000,4488C9F6F75570BB2FB34F8,0,38593276,38319896,10944051,10944051,1674028,12618079,210,10940904
13,2026-08-15T13:15:00Z,C0,bench_stencil_oversub,48000,1,kept_5,kept,3.31,3.310000,4488C9F6F75570BB2FB34F8,0,38319524,38091900,0,0,0,1099319,0,0
14,2026-08-15T13:15:04Z,C1,bench_stencil_oversub,48000,1,kept_5,kept,17.79,17.790000,4488C9F6F75570BB2FB34F8,10,38093032,37547484,0,0,0,12820700,0,0
15,2026-08-15T13:15:22Z,C3,bench_stencil_oversub,48000,1,kept_5,kept,18.81,18.810000,4488C9F6F75570BB2FB34F8,0,37543616,37516332,11355225,11355225,1688860,13044085,224,11351365
16,2026-08-15T13:15:42Z,C0,bench_stencil_oversub,48000,1,kept_6,kept,3.48,3.480000,4488C9F6F75570BB2FB34F8,0,37518564,37119640,0,0,0,1110462,0,0
17,2026-08-15T13:15:46Z,C1,bench_stencil_oversub,48000,1,kept_6,kept,18.74,18.740000,4488C9F6F75570BB2FB34F8,0,37096720,37032752,0,0,0,13507333,0,0
18,2026-08-15T13:16:05Z,C3,bench_stencil_oversub,48000,1,kept_6,kept,19.76,19.760000,4488C9F6F75570BB2FB34F8,0,37024292,36833752,12035748,12035748,1614014,13649762,315,12031223
19,2026-08-15T13:17:03Z,C0,bench_stencil_oversub,48000,3,warmup_1,warmup,6.06,2.020000,4488C9F6F75570BB2FB34F8,0,36601456,36343612,0,0,0,3326925,0,0
20,2026-08-15T13:17:10Z,C1,bench_stencil_oversub,48000,3,warmup_1,warmup,34.99,11.663333,4488C9F6F75570BB2FB34F8,0,36277392,36084816,0,0,0,38297732,0,0
21,2026-08-15T13:17:45Z,C3,bench_stencil_oversub,48000,3,warmup_1,warmup,27.04,9.013333,4488C9F6F75570BB2FB34F8,0,36081440,35825848,20620491,20620491,3373668,23994159,424,20611344
22,2026-08-15T13:18:13Z,C0,bench_stencil_oversub,48000,3,kept_2,kept,6.02,2.006667,4488C9F6F75570BB2FB34F8,0,35828028,35599804,0,0,0,3323529,0,0
23,2026-08-15T13:18:19Z,C1,bench_stencil_oversub,48000,3,kept_2,kept,34.38,11.460000,4488C9F6F75570BB2FB34F8,0,35601428,35341808,0,0,0,37990336,0,0
24,2026-08-15T13:18:54Z,C3,bench_stencil_oversub,48000,3,kept_2,kept,26.98,8.993333,4488C9F6F75570BB2FB34F8,0,35326588,35074344,20489164,20489164,3366604,23855768,481,20480142
25,2026-08-15T13:19:22Z,C0,bench_stencil_oversub,48000,3,kept_3,kept,6.15,2.050000,4488C9F6F75570BB2FB34F8,0,35100384,34848268,0,0,0,3343645,0,0
26,2026-08-15T13:19:29Z,C1,bench_stencil_oversub,48000,3,kept_3,kept,34.31,11.436667,4488C9F6F75570BB2FB34F8,0,34853008,34585780,0,0,0,37944511,0,0
27,2026-08-15T13:20:04Z,C3,bench_stencil_oversub,48000,3,kept_3,kept,26.33,8.776667,4488C9F6F75570BB2FB34F8,0,34584608,34343776,19876469,19876469,3117634,22994103,445,19867993
28,2026-08-15T13:20:31Z,C0,bench_stencil_oversub,48000,3,kept_4,kept,6.01,2.003333,4488C9F6F75570BB2FB34F8,0,34345500,34095144,0,0,0,3320840,0,0
29,2026-08-15T13:20:37Z,C1,bench_stencil_oversub,48000,3,kept_4,kept,34.55,11.516667,4488C9F6F75570BB2FB34F8,0,34031288,33841860,0,0,0,38016766,0,0
30,2026-08-15T13:21:12Z,C3,bench_stencil_oversub,48000,3,kept_4,kept,26.33,8.776667,4488C9F6F75570BB2FB34F8,0,33835984,33574124,19909514,19909514,3311854,23221368,476,19901547
31,2026-08-15T13:21:39Z,C0,bench_stencil_oversub,48000,3,kept_5,kept,6.14,2.046667,4488C9F6F75570BB2FB34F8,0,33579220,33313720,0,0,0,3339043,0,0
32,2026-08-15T13:21:46Z,C1,bench_stencil_oversub,48000,3,kept_5,kept,34.48,11.493333,4488C9F6F75570BB2FB34F8,0,33251124,33094816,0,0,0,38049209,0,0
33,2026-08-15T13:22:21Z,C3,bench_stencil_oversub,48000,3,kept_5,kept,25.68,8.560000,4488C9F6F75570BB2FB34F8,0,33083068,32855188,19381240,19381240,3299595,22680835,513,19373015
34,2026-08-15T13:22:47Z,C0,bench_stencil_oversub,48000,3,kept_6,kept,5.97,1.990000,4488C9F6F75570BB2FB34F8,0,32860600,32599896,0,0,0,3323826,0,0
35,2026-08-15T13:22:54Z,C1,bench_stencil_oversub,48000,3,kept_6,kept,33.42,11.140000,4488C9F6F75570BB2FB34F8,0,32602756,32320624,0,0,0,37055320,0,0
36,2026-08-15T13:23:28Z,C3,bench_stencil_oversub,48000,3,kept_6,kept,27.28,9.093333,4488C9F6F75570BB2FB34F8,0,32308032,31959620,20829342,20829342,3223483,24052825,553,20820122
37,2026-08-15T13:24:51Z,C0,bench_stencil_oversub,48000,5,warmup_1,warmup,9.16,1.832000,4488C9F6F75570BB2FB34F8,0,31782864,31531408,0,0,0,5578076,0,0
38,2026-08-15T13:25:01Z,C1,bench_stencil_oversub,48000,5,warmup_1,warmup,54.12,10.824000,4488C9F6F75570BB2FB34F8,0,31514392,31260292,0,0,0,65434055,0,0
39,2026-08-15T13:25:55Z,C3,bench_stencil_oversub,48000,5,warmup_1,warmup,36.11,7.222000,4488C9F6F75570BB2FB34F8,0,31251980,30998676,30372271,30372271,4312276,34684547,1094,30358702
40,2026-08-15T13:26:32Z,C0,bench_stencil_oversub,48000,5,kept_2,kept,9.09,1.818000,4488C9F6F75570BB2FB34F8,0,31000696,30761248,0,0,0,5562932,0,0
41,2026-08-15T13:26:42Z,C1,bench_stencil_oversub,48000,5,kept_2,kept,53.94,10.788000,4488C9F6F75570BB2FB34F8,0,30708684,30495204,0,0,0,65651396,0,0
42,2026-08-15T13:27:36Z,C3,bench_stencil_oversub,48000,5,kept_2,kept,36.38,7.276000,4488C9F6F75570BB2FB34F8,0,30473580,30205580,30482337,30482337,4450669,34933006,684,30468513
43,2026-08-15T13:28:13Z,C0,bench_stencil_oversub,48000,5,kept_3,kept,9.12,1.824000,4488C9F6F75570BB2FB34F8,0,30205696,29981460,0,0,0,5560998,0,0
44,2026-08-15T13:28:23Z,C1,bench_stencil_oversub,48000,5,kept_3,kept,51.16,10.232000,4488C9F6F75570BB2FB34F8,0,29981212,29753596,0,0,0,63083713,0,0
45,2026-08-15T13:29:15Z,C3,bench_stencil_oversub,48000,5,kept_3,kept,32.29,6.458000,4488C9F6F75570BB2FB34F8,0,29742412,29499700,27282830,27282830,4716190,31999020,1048,27269972
46,2026-08-15T13:29:47Z,C0,bench_stencil_oversub,48000,5,kept_4,kept,8.48,1.696000,4488C9F6F75570BB2FB34F8,0,29503456,29243260,0,0,0,5541269,0,0
47,2026-08-15T13:29:56Z,C1,bench_stencil_oversub,48000,5,kept_4,kept,48.83,9.766000,4488C9F6F75570BB2FB34F8,0,29166676,29012916,0,0,0,61564846,0,0
48,2026-08-15T13:30:46Z,C3,bench_stencil_oversub,48000,5,kept_4,kept,32.41,6.482000,4488C9F6F75570BB2FB34F8,0,28994396,28725432,27182099,27182099,4706740,31888839,1175,27169140
49,2026-08-15T13:31:19Z,C0,bench_stencil_oversub,48000,5,kept_5,kept,8.58,1.716000,4488C9F6F75570BB2FB34F8,0,28736296,28484588,0,0,0,5534302,0,0
50,2026-08-15T13:31:28Z,C1,bench_stencil_oversub,48000,5,kept_5,kept,48.82,9.764000,4488C9F6F75570BB2FB34F8,0,28433840,28252844,0,0,0,61573207,0,0
51,2026-08-15T13:32:17Z,C3,bench_stencil_oversub,48000,5,kept_5,kept,32.16,6.432000,4488C9F6F75570BB2FB34F8,0,28235500,27971732,27197735,27197735,4624282,31822017,1181,27184964
52,2026-08-15T13:32:50Z,C0,bench_stencil_oversub,48000,5,kept_6,kept,8.57,1.714000,4488C9F6F75570BB2FB34F8,0,27976780,27729652,0,0,0,5542226,0,0
53,2026-08-15T13:32:59Z,C1,bench_stencil_oversub,48000,5,kept_6,kept,48.99,9.798000,4488C9F6F75570BB2FB34F8,0,27729712,27489008,0,0,0,61635336,0,0
54,2026-08-15T13:33:49Z,C3,bench_stencil_oversub,48000,5,kept_6,kept,32.75,6.550000,4488C9F6F75570BB2FB34F8,0,27475508,27223188,27705780,27705780,4781014,32486794,1264,27691788
55,2026-08-15T13:35:52Z,C0,bench_stencil_oversub,48000,10,warmup_1,warmup,15.34,1.534000,4488C9F6F75570BB2FB34F8,0,27040616,26575760,0,0,0,11098955,0,0
56,2026-08-15T13:36:08Z,C1,bench_stencil_oversub,48000,10,warmup_1,warmup,88.39,8.839000,4488C9F6F75570BB2FB34F8,1,26513128,26599508,0,0,0,123302101,0,0
57,2026-08-15T13:37:37Z,C3,bench_stencil_oversub,48000,10,warmup_1,warmup,53.32,5.332000,4488C9F6F75570BB2FB34F8,0,26574536,26349224,52183642,52183642,9122541,61306183,1225,52152913
58,2026-08-15T13:38:30Z,C0,bench_stencil_oversub,48000,10,kept_2,kept,15.50,1.550000,4488C9F6F75570BB2FB34F8,0,26351392,26540660,0,0,0,11098579,0,0
59,2026-08-15T13:38:46Z,C1,bench_stencil_oversub,48000,10,kept_2,kept,88.59,8.859000,4488C9F6F75570BB2FB34F8,0,26495152,26604396,0,0,0,123354433,0,0
60,2026-08-15T13:40:16Z,C3,bench_stencil_oversub,48000,10,kept_2,kept,51.75,5.175000,4488C9F6F75570BB2FB34F8,0,26596136,26748824,50433943,50433943,8524205,58958148,1644,50404781
61,2026-08-15T13:41:08Z,C0,bench_stencil_oversub,48000,10,kept_3,kept,15.61,1.561000,4488C9F6F75570BB2FB34F8,0,26751620,26668324,0,0,0,11076894,0,0
62,2026-08-15T13:41:24Z,C1,bench_stencil_oversub,48000,10,kept_3,kept,88.69,8.869000,4488C9F6F75570BB2FB34F8,0,26661768,26863196,0,0,0,123477977,0,0
63,2026-08-15T13:42:53Z,C3,bench_stencil_oversub,48000,10,kept_3,kept,52.37,5.237000,4488C9F6F75570BB2FB34F8,0,26842040,26831900,51107200,51107200,8612649,59719849,1160,51078627
64,2026-08-15T13:43:46Z,C0,bench_stencil_oversub,48000,10,kept_4,kept,15.73,1.573000,4488C9F6F75570BB2FB34F8,0,26846596,26761404,0,0,0,11081010,0,0
65,2026-08-15T13:44:03Z,C1,bench_stencil_oversub,48000,10,kept_4,kept,88.78,8.878000,4488C9F6F75570BB2FB34F8,1,26753184,26766868,0,0,0,123441526,0,0
66,2026-08-15T13:45:32Z,C3,bench_stencil_oversub,48000,10,kept_4,kept,51.98,5.198000,4488C9F6F75570BB2FB34F8,0,26754436,26577844,50402765,50402765,8576183,58978948,1530,50373208
67,2026-08-15T13:46:25Z,C0,bench_stencil_oversub,48000,10,kept_5,kept,15.82,1.582000,4488C9F6F75570BB2FB34F8,0,26581776,26371040,0,0,0,11090636,0,0
68,2026-08-15T13:46:41Z,C1,bench_stencil_oversub,48000,10,kept_5,kept,88.84,8.884000,4488C9F6F75570BB2FB34F8,1,26351288,26055132,0,0,0,123489651,0,0
69,2026-08-15T13:48:11Z,C3,bench_stencil_oversub,48000,10,kept_5,kept,52.31,5.231000,4488C9F6F75570BB2FB34F8,0,26044620,25898288,50626336,50626336,8636885,59263221,1099,50597827
70,2026-08-15T13:49:03Z,C0,bench_stencil_oversub,48000,10,kept_6,kept,15.74,1.574000,4488C9F6F75570BB2FB34F8,0,25880340,25678992,0,0,0,11091831,0,0
71,2026-08-15T13:49:20Z,C1,bench_stencil_oversub,48000,10,kept_6,kept,88.76,8.876000,4488C9F6F75570BB2FB34F8,0,25659948,25314208,0,0,0,123504033,0,0
72,2026-08-15T13:50:49Z,C3,bench_stencil_oversub,48000,10,kept_6,kept,52.04,5.204000,4488C9F6F75570BB2FB34F8,0,25291924,25086264,50283231,50283231,8760380,59043611,1708,50253663
73,2026-08-15T13:54:32Z,C0,bench_stencil_oversub,48000,20,warmup_1,warmup,29.35,1.467500,4488C9F6F75570BB2FB34F8,1,24683772,24516392,0,0,0,22181054,0,0
74,2026-08-15T14:29:09Z,C0,bench_stencil_oversub,48000,20,warmup_1,warmup,27.28,1.364000,4488C9F6F75570BB2FB34F8,0,60275252,60012384,0,0,0,22108412,0,0
75,2026-08-15T14:29:37Z,C1,bench_stencil_oversub,48000,20,warmup_1,warmup,160.29,8.014500,4488C9F6F75570BB2FB34F8,0,60008740,59788260,0,0,0,238060369,0,0
76,2026-08-15T14:32:18Z,C3,bench_stencil_oversub,48000,20,warmup_1,warmup,80.45,4.022500,4488C9F6F75570BB2FB34F8,0,59784952,59531216,86727987,86727987,13025876,99753863,2962,86677684
77,2026-08-15T14:33:39Z,C0,bench_stencil_oversub,48000,20,kept_2,kept,27.22,1.361000,4488C9F6F75570BB2FB34F8,0,59541104,59286112,0,0,0,22194913,0,0
78,2026-08-15T14:34:07Z,C1,bench_stencil_oversub,48000,20,kept_2,kept,159.67,7.983500,4488C9F6F75570BB2FB34F8,0,59291696,58974992,0,0,0,238345669,0,0
79,2026-08-15T14:36:47Z,C3,bench_stencil_oversub,48000,20,kept_2,kept,76.55,3.827500,4488C9F6F75570BB2FB34F8,0,58966536,58713944,82626499,82626499,11840069,94466568,1984,82582935
80,2026-08-15T14:38:04Z,C0,bench_stencil_oversub,48000,20,kept_3,kept,27.18,1.359000,4488C9F6F75570BB2FB34F8,0,58713232,58470788,0,0,0,22164344,0,0
81,2026-08-15T14:38:32Z,C1,bench_stencil_oversub,48000,20,kept_3,kept,160.01,8.000500,4488C9F6F75570BB2FB34F8,0,58472716,58241220,0,0,0,238275796,0,0
82,2026-08-15T14:41:12Z,C3,bench_stencil_oversub,48000,20,kept_3,kept,74.36,3.718000,4488C9F6F75570BB2FB34F8,0,58230852,57984216,80423900,80423900,11085136,91509036,1345,80384153
83,2026-08-15T14:42:27Z,C0,bench_stencil_oversub,48000,20,kept_4,kept,27.17,1.358500,4488C9F6F75570BB2FB34F8,1,57989140,57726788,0,0,0,22200319,0,0
84,2026-08-15T14:42:55Z,C1,bench_stencil_oversub,48000,20,kept_4,kept,159.08,7.954000,4488C9F6F75570BB2FB34F8,3,57730152,57482080,0,0,0,237797051,0,0
85,2026-08-15T14:45:35Z,C3,bench_stencil_oversub,48000,20,kept_4,kept,77.74,3.887000,4488C9F6F75570BB2FB34F8,0,57468596,57223864,84143169,84143169,11898840,96042009,2611,84097584
86,2026-08-15T14:46:53Z,C0,bench_stencil_oversub,48000,20,kept_5,kept,27.17,1.358500,4488C9F6F75570BB2FB34F8,0,57234120,56973708,0,0,0,22184264,0,0
87,2026-08-15T14:47:21Z,C1,bench_stencil_oversub,48000,20,kept_5,kept,159.69,7.984500,4488C9F6F75570BB2FB34F8,2,56970936,56689852,0,0,0,237872903,0,0
88,2026-08-15T14:50:01Z,C3,bench_stencil_oversub,48000,20,kept_5,kept,75.14,3.757000,4488C9F6F75570BB2FB34F8,0,56686156,56433464,80412818,80412818,11379129,91791947,2313,80372005
89,2026-08-15T14:51:17Z,C0,bench_stencil_oversub,48000,20,kept_6,kept,27.19,1.359500,4488C9F6F75570BB2FB34F8,1,56439164,56182192,0,0,0,22158987,0,0
90,2026-08-15T14:51:44Z,C1,bench_stencil_oversub,48000,20,kept_6,kept,159.01,7.950500,4488C9F6F75570BB2FB34F8,2,56179060,55933996,0,0,0,237933775,0,0
91,2026-08-15T14:54:24Z,C3,bench_stencil_oversub,48000,20,kept_6,kept,74.00,3.700000,4488C9F6F75570BB2FB34F8,0,55920656,55654420,79795384,79795384,10767845,90563229,1807,79756197
