batch_id,d1_ns,d2_ns,d3_ns,d4_ns,d5_ns,d6_ns,svc_ns,total_ns,num_faults,num_va_spaces,num_blocks
6583,44346,42071,498,110434,104915,29490,112450,228731,180,1,1
6584,6073,299,142,27779,27571,1813,28203,36502,1,1,1
6585,16862,13445,104,38707,37083,15671,39309,85390,70,1,1
6586,28672,26453,104,41110,38579,4519,41875,101614,123,1,1
6587,8872,7884,93,39621,38479,1867,40101,58818,47,1,1
6588,4382,211,89,35810,35612,1733,36114,42522,1,1,1
6589,7751,6136,96,50702,49745,952,51152,66086,37,1,1
6590,40599,47916,140,79658,75534,28076,80777,197471,212,1,1
6591,16660,14990,103,61179,59542,15608,61783,109134,77,1,1
6592,16470,17274,115,43018,41208,1965,43702,79503,87,1,1
6593,8114,6173,95,32728,31844,1993,33174,49548,37,1,1
6594,13321,12664,102,36068,34579,2309,36632,65014,66,1,1
6595,8870,6080,94,30656,29760,1917,31100,48054,38,1,1
6596,27556,15828,156,52150,50498,1855,52819,98151,79,1,1
6597,19862,21276,99,53639,51448,3884,54337,99453,108,1,1
6598,41125,45527,104,76045,72037,28617,77103,192468,201,1,1
6599,13301,9405,100,59113,57947,16418,59628,98844,52,1,1
6600,15649,14349,131,38766,37173,1824,39388,71308,75,1,1
6601,8533,6250,138,35021,34111,1786,35517,52184,38,1,1
6602,11607,10801,101,36529,35233,3290,37083,62874,60,1,1
6603,9404,7883,92,34042,32997,2089,34528,53999,46,1,1
6604,13747,13157,92,48229,46738,2879,48798,78674,70,1,1
6605,19098,17233,100,49057,47197,2180,49710,88316,90,1,1
6606,41479,36748,100,73565,70291,34133,74504,186963,167,1,1
6607,16191,13218,105,73101,71610,15411,73732,118655,70,1,1
6608,15193,14713,116,40936,39291,1961,41565,73528,78,1,1
6609,9452,8025,97,35495,34410,2056,35984,55611,47,1,1
6610,14574,13304,104,44827,43304,2915,45417,76294,72,1,1
6611,14297,14407,97,41530,39930,5682,42116,76592,76,1,1
6612,11239,8751,94,52896,51733,2556,53384,76027,51,1,1
6613,21116,21868,143,60728,57862,3511,61659,108510,96,1,1
6614,51490,70086,235,84833,80437,21350,86543,229781,198,1,1
6615,16908,12544,113,61334,59727,10987,61902,102436,65,1,1
6616,12127,11239,104,32870,31512,1779,33418,58660,60,1,1
6617,6100,4020,97,43802,42881,1834,44205,56253,25,1,2
6618,15173,13547,100,40662,38957,2301,41241,72360,72,1,1
6619,19610,20552,96,46063,43973,8157,46753,95165,102,1,1
6620,10286,7163,111,55727,54672,1880,56254,75683,41,1,1
6621,12369,8947,103,42043,40907,1803,42561,65775,51,1,1
6622,41424,29758,106,68125,65430,6588,68939,146842,135,1,1
6623,16218,9695,101,56536,55348,4392,57043,87441,53,1,1
6624,4216,635,104,25474,25174,1780,25812,32541,5,1,1
6625,4479,212,98,21814,21603,1818,22122,28717,1,1,1
6626,17980,20556,96,44739,42594,3094,45441,87157,104,1,1
6627,28948,20828,197,37046,34916,4097,37865,91833,104,1,1
6628,4437,214,86,23717,23516,1756,24005,30498,1,1,1
6629,4842,217,94,35707,35441,1861,35994,42997,1,1,1
6630,7392,5883,97,45361,44425,1796,45799,60964,36,1,1
6631,41262,30302,122,68217,65386,27960,69064,168684,138,1,1
6632,15708,12039,137,71470,69986,15978,72050,115874,65,1,1
6633,30763,22384,153,46162,43614,1937,46961,102147,110,1,1
6634,9624,8266,89,38200,37072,1759,38684,58427,49,1,1
6635,13658,13266,94,40725,39194,4091,41295,72398,72,1,1
6636,9270,8380,95,37561,36453,1960,38075,57783,49,1,1
6637,14774,12179,94,51378,49928,2446,51944,81431,68,1,1
6638,17188,16961,91,52747,50908,5164,53374,92772,88,1,1
6639,40676,41257,114,73414,69852,28292,74405,184726,182,1,1
6640,17548,12784,155,61464,59948,15520,62091,108034,67,1,1
6641,16983,17769,140,41117,39250,1913,41818,78582,90,1,1
6642,9711,8581,104,37770,36654,1786,38273,58447,49,1,1
6643,9804,7939,95,37562,36514,3060,38041,58930,46,1,1
6644,10684,10024,96,36287,35025,1815,36817,59434,58,1,1
6645,14516,13217,97,49863,48343,1793,50434,80050,72,1,1
6646,18290,18296,95,49958,48051,2442,50601,89715,93,1,1
6647,41080,45358,203,76818,72867,27824,77979,192343,203,1,1
6648,17385,13888,96,60004,58415,15458,60599,107418,75,1,1
6649,15547,14636,113,39350,37724,1764,39958,72008,77,1,1
6650,9007,8048,101,36565,35518,1920,37042,56101,46,1,1
6651,4291,211,93,23880,23678,1862,24172,30620,1,1,1
6652,17843,17254,96,37368,35529,1899,38003,75084,89,1,1
6653,7477,6652,94,48965,39502,1143,49471,64841,39,1,1
6654,11622,8827,95,44468,43332,2201,44967,67707,51,1,1
6655,16152,14214,100,45771,44207,3477,46347,80284,74,1,1
6656,41189,35865,100,68974,65902,21452,69852,168505,156,1,1
6657,17284,15631,97,61974,60332,12015,62569,107589,78,1,1
6658,9860,7270,109,35463,34475,1824,35963,55013,42,1,1
6659,9938,7509,96,39460,38426,1841,39993,59374,45,1,1
6660,14137,11434,99,55451,53961,2814,55997,84468,63,1,2
6661,18396,20534,95,42147,40021,2456,42834,84307,105,1,1
6662,12387,8970,92,41519,40384,1866,41991,65301,50,1,1
6663,11220,7169,100,39960,38959,1847,40421,60751,43,1,1
6664,41671,26614,108,65564,63132,4796,66352,139533,121,1,1
6665,16997,8882,98,58694,57599,4855,59194,90015,48,1,1
6666,10403,4353,196,27093,26357,1802,27606,44264,28,1,1
6667,4734,357,97,24669,24420,1776,24981,31941,3,1,1
6668,13244,12696,102,42645,41084,3257,43218,72503,68,1,1
6669,13871,12150,93,33996,32245,11632,34553,72300,65,1,1
6670,4389,211,87,35462,35257,1769,35766,42221,1,1,1
6671,18848,20085,94,41281,39226,2931,41946,83896,101,1,1
6672,4441,209,93,35555,35323,1828,35854,42416,1,1,1
6673,8929,218,100,54642,54434,1778,54950,65972,1,1,1
6674,10030,7001,182,58895,57947,14092,59442,90656,40,1,1
6675,21850,21980,130,41413,39196,1812,42166,87949,109,1,1
6676,9361,7581,97,35947,34907,1427,36421,54886,45,1,1
6677,15402,14497,101,34358,32722,1726,34961,66674,77,1,1
6678,15712,14711,97,38873,37243,1509,39476,71500,78,1,1
6679,9397,8438,91,35279,34162,1584,35766,55272,50,1,1
6680,15691,15763,99,51906,50194,2147,52510,86205,82,1,1
6681,13947,12011,101,49934,48501,13745,50486,90275,67,1,1
6682,40971,43919,179,78271,74445,28665,79376,193033,196,1,1
6683,16092,13056,104,60013,58517,15771,60584,105590,69,1,1
6684,19481,19373,129,41013,38980,1822,41729,82503,98,1,1
6685,8550,6713,96,38222,37273,1876,38683,55921,40,1,1
6686,14461,14579,102,39362,37774,2197,39961,71287,75,1,1
6687,10011,8416,95,46970,45858,1893,47519,67935,49,1,1
6688,11042,9025,100,49031,47879,3073,49532,72759,52,1,1
6689,16322,17183,96,50382,48546,3684,51017,88300,89,1,1
6690,41548,46829,120,76397,72424,28101,77465,194044,203,1,1
6691,17005,11668,100,59487,58113,15142,60027,103929,62,1,1
6692,13975,13245,125,49733,48233,1869,50373,79556,70,1,1
6693,4568,211,93,24793,24604,1782,25089,31759,1,1,1
6694,14391,16088,106,38914,37196,1872,39535,71971,82,1,1
6695,7732,4658,88,31052,30294,4636,31470,48589,30,1,1
6696,9000,7579,99,37163,36150,1929,37712,56306,44,1,1
6697,10079,7669,91,46480,45445,3470,46944,68249,45,1,1
6698,17455,17408,99,47569,45747,3882,48197,87028,88,1,1
6699,40886,45503,119,74085,70118,26060,75146,187694,203,1,1
6700,26843,15554,152,62494,60828,13673,63157,119321,79,1,1
6701,13408,10886,130,37861,36528,1777,38445,64616,61,1,1
6702,7617,5434,88,33341,32515,1800,33758,48703,34,1,1
6703,14026,12567,99,39843,38393,3230,40412,70320,68,1,1
6704,18836,21189,98,43112,40965,4847,43801,88760,106,1,1
6705,10344,8077,91,43266,42204,1937,43738,64188,47,1,1
6706,17267,16858,99,45118,43332,1824,45745,81782,86,1,1
6707,51162,37724,157,69657,66313,10670,70657,170310,169,1,1
6708,15232,11030,103,59144,57826,6598,59691,92638,60,1,1
6709,8487,4890,130,27015,26271,1795,27467,42741,29,1,1
6710,4984,1218,94,25762,25396,1744,26092,34125,9,1,1
6711,14696,15205,99,32527,30889,2476,33125,65586,78,1,1
6712,9603,3663,89,26527,25871,1712,26908,41973,25,1,1
6713,11521,9856,104,31764,30524,2147,32314,55928,56,1,1
6714,4620,335,95,24122,23872,1821,24437,31301,3,1,1
6715,9595,3671,98,49604,48944,1750,50049,65159,25,1,1
6716,5704,1373,102,36778,36377,1762,37133,46059,11,1,1
6717,11257,1588,99,57175,56752,1753,57534,72226,12,1,1
6718,5645,208,93,54928,54713,1469,55224,62631,1,1,1
6719,41045,37880,113,47691,44288,28359,48643,156023,171,1,1
6720,9192,6201,103,27380,26514,17227,27820,60527,36,1,1
6721,19895,13637,101,32102,30515,9509,32674,75801,71,1,1
6722,28090,20058,188,44901,42825,3244,45666,97144,101,1,1
6723,11552,11502,99,38000,36624,1778,38536,63458,64,1,1
6724,15270,12667,100,47864,46400,2507,48417,78955,68,1,1
6725,17263,16932,99,51386,49564,4375,52006,90665,88,1,1
6726,41342,43593,120,76355,72514,29522,77411,191960,197,1,1
6727,20063,12971,102,59299,57807,15293,59868,108288,69,1,1
6728,15618,14273,169,38847,37244,2135,39519,71644,75,1,1
6729,8348,6121,94,33197,32301,1904,33652,50121,38,1,1
6730,13929,11677,96,37483,36103,2355,38028,66075,64,1,1
6731,7339,5267,94,30871,30066,1921,31283,45904,32,1,1
6732,16617,15108,97,48948,47260,2110,49549,83479,81,1,1
6733,16941,17436,94,50439,48553,3528,51078,89070,92,1,1
6734,40637,48254,120,76182,72054,38147,77285,204421,213,1,1
6735,16964,13652,214,62897,61397,15438,63587,109742,68,1,1
6736,9537,6647,156,40557,39537,2029,41187,59521,33,1,1
6737,5096,223,101,25039,24829,1858,25337,32607,1,1,1
6738,9912,8590,95,36032,34809,1810,36532,56931,50,1,1
6739,4333,331,92,47137,46781,1795,47446,53998,3,1,2
6740,9524,7996,96,36156,35076,1832,36654,56099,48,1,1
6741,12937,11990,101,48497,47055,1801,49051,75874,64,1,1
6742,18127,17679,98,60615,58729,3257,61314,100475,91,1,1
6743,41240,43752,114,74707,70818,24997,75742,185827,195,1,1
6744,17279,15121,100,61025,59356,14158,61636,108287,78,1,1
6745,14898,12481,112,37346,35918,1811,37925,67217,66,1,1
6746,8818,5349,100,32571,31751,1854,32998,49117,33,1,1
6747,13500,11803,98,39374,38016,3067,39916,68381,63,1,1
6748,16712,29381,150,43940,41975,5920,44654,96761,96,1,1
6749,9665,6925,97,42924,41987,1792,43380,61855,40,1,1
6750,17304,15717,97,44549,42882,2116,45157,80388,80,1,1
6751,41125,40693,133,68517,65034,15533,69508,166958,177,1,1
6752,14580,13032,100,61443,59962,9396,62009,99109,69,1,1
6753,9451,5081,106,37866,37062,1824,38344,54800,32,1,1
6754,7973,5853,112,25719,24847,1866,26173,41958,37,1,1
6755,14183,13233,101,33965,32501,2403,34530,64443,69,1,1
6756,8924,5207,99,28457,27652,1795,28881,44899,33,1,1
6757,10893,9448,106,29097,27883,1718,29630,51785,55,1,1
6758,9108,5489,89,27195,26372,1911,27617,44216,34,1,1
6759,9640,5096,95,39908,39156,1684,40319,56831,30,1,1
6760,5856,943,95,36433,36089,1768,36765,45418,8,1,1
6761,35417,17529,125,61491,59758,1745,62134,116924,83,1,1
6762,13675,2568,106,64134,63599,1864,64555,82761,17,1,1
6763,4671,211,111,23273,23058,1847,23605,30425,1,1,1
6764,16480,16532,95,34282,32557,2834,34899,70837,83,1,1
6765,7736,6205,90,37451,36536,1786,37910,53731,39,1,1
6766,8829,4778,91,32096,31342,1804,32509,48006,30,1,1
6767,9250,8186,98,34382,33305,1785,34862,54176,48,1,1
6768,15881,18013,100,51731,49840,3001,52374,89362,92,1,1
6769,32818,18380,124,55683,53773,6188,56381,113863,93,1,1
6770,40747,54481,160,80178,76233,28710,81277,205316,201,1,1
6771,16513,14298,102,65207,63616,15557,65807,112268,75,1,1
6772,13552,12550,122,36997,35555,1802,37580,65586,67,1,1
6773,10518,8609,104,35925,34782,1755,36434,57402,51,1,1
6774,14879,15533,97,40514,38863,3233,41115,74856,79,1,1
6775,10620,8804,95,35766,34643,1829,36255,57600,50,1,1
6776,16000,14082,100,58155,56634,2366,58775,91319,72,1,1
6777,16974,14719,105,50523,48863,4647,51140,87574,79,1,1
6778,40692,48959,108,75920,71834,28516,77005,195264,211,1,1
6779,19762,19581,107,61983,59988,15128,62658,117222,97,1,1
6780,17705,17946,128,40706,38826,1769,41394,78912,91,1,1
6781,6442,3152,95,34038,33433,2210,34427,46321,22,1,1
6782,14041,12794,158,37639,36157,2512,38271,67714,69,1,1
6783,9828,8460,100,33918,32780,2207,34414,55002,50,1,1
6784,14289,13569,93,48655,47113,2280,49228,79459,73,1,1
6785,17746,18343,96,48728,46784,3577,49385,89143,95,1,1
6786,40713,46327,122,74432,70512,26911,75502,189546,202,1,1
6787,16551,14303,99,61642,60027,13945,62227,107120,72,1,1
6788,13650,13559,176,40201,38633,1826,40873,70009,72,1,1
6789,11639,10796,103,36354,35054,1818,36884,61232,60,1,1
6790,13776,13374,111,41598,40075,2641,42188,72073,71,1,1
6791,18391,20188,99,44597,42504,4954,45274,88900,102,1,1
6792,11807,9309,101,44582,43410,2608,45079,68897,52,1,1
6793,17388,17095,100,52681,50869,2704,53309,90598,88,1,1
6794,41153,46564,131,83760,79797,14183,84895,186890,203,1,1
6795,17135,15421,112,62121,60481,8805,62741,104196,78,1,1
6796,12819,9595,116,30714,29548,1754,31233,55498,52,1,1
6797,7678,5056,94,26692,25895,1828,27108,41765,32,1,1
6798,9332,5634,96,29164,28308,1869,29602,46532,35,1,1
6799,11640,6359,97,28751,27893,1850,29203,49145,36,1,1
6800,11942,10914,109,30864,29561,1817,31404,56172,60,1,1
6801,8640,4082,92,26940,26269,1760,27327,41904,26,1,1
6802,8326,5369,92,39636,38830,1744,40047,55580,33,1,1
6803,9206,6052,177,40133,39253,1969,40652,57973,37,1,1
6804,42250,19638,155,64390,62459,1808,65122,129109,93,1,1
6805,16445,5715,98,57273,56472,1859,57697,81807,32,1,1
6806,4476,517,110,24306,24019,1710,24640,31439,4,1,1
6807,8880,5753,96,26784,25864,3853,27205,45778,35,1,1
6808,6248,2785,89,55896,55206,1760,56264,67152,20,1,2
6809,21699,21983,101,38178,35979,2393,38883,85051,109,1,1
6810,8296,7042,182,36226,35281,2122,36781,54336,41,1,1
6811,4996,218,88,35363,35157,1857,35665,42881,1,1,1
6812,9556,8734,97,50290,49141,1781,50794,70959,51,1,1
6813,41088,40761,115,75121,71573,27557,76122,185669,181,1,1
6814,20851,22717,99,63596,61340,14537,64318,122515,111,1,1
6815,19515,17317,121,51280,49413,1815,51978,90721,88,1,1
6816,7428,4743,105,30530,29781,1449,30950,44663,30,1,1
6817,9008,8545,101,35646,34543,4178,36143,57967,49,1,1
6818,10327,10110,93,36549,35306,2096,37064,59691,56,1,1
6819,16197,15924,96,52021,50331,1776,52629,86619,81,1,1
6820,12644,11892,92,48587,47214,5481,49139,79250,64,1,1
6821,41531,35554,127,81818,78635,27494,82735,187418,161,1,1
6822,16334,21639,150,62682,61358,15669,63285,117013,61,1,1
6823,16696,16572,124,39564,37773,1776,40211,75347,86,1,1
6824,9222,8335,97,34403,33299,1742,34887,54282,48,1,1
6825,14823,12355,98,37432,35995,2279,37993,67539,67,1,1
6826,7717,4628,94,41798,41013,1826,42286,56551,31,1,1
6827,15833,14482,143,50557,48969,1743,51191,83343,75,1,1
6828,17528,17505,102,49223,47347,3780,49877,88786,90,1,1
6829,41045,55427,166,75270,71328,27180,76389,200140,203,1,1
6830,16864,14928,103,61129,59475,15774,61739,109397,78,1,1
6831,14731,15201,111,39809,38109,1811,40444,72283,80,1,1
6832,8261,7853,99,34125,33101,1855,34598,52661,44,1,1
6833,13455,13454,94,42466,40944,2881,43038,72920,72,1,1
6834,18532,20540,98,44677,42567,4010,45374,88547,104,1,1
6835,11972,9264,98,53804,52631,2108,54412,77854,53,1,1
6836,17917,17021,109,45465,43661,2744,46110,83886,87,1,1
6837,41819,39118,107,70290,66914,22949,71236,175216,172,1,1
6838,16645,14294,100,61447,59862,10941,62042,104016,75,1,1
6839,11818,7969,124,57415,56359,1807,57915,79607,45,1,1
6840,9438,3766,93,65087,64230,1807,65477,80584,24,1,2
6841,18783,18225,202,66075,64167,1981,66843,105929,92,1,1
6842,18168,19648,96,72783,70718,7922,73466,119306,101,1,1
6843,13747,9921,98,163037,161808,1800,163557,189129,55,1,1
6844,12193,9007,92,163236,162100,1741,163717,186762,51,1,1
6845,43143,42206,475,112661,107067,29585,114853,230245,180,1,1
6846,5909,279,116,28185,27949,1818,28548,36663,1,1,1
6847,17709,14588,105,60719,59031,15535,61366,109294,72,1,1
6848,30504,24094,108,44007,41511,5224,44757,104678,113,1,1
6849,8915,7460,100,39041,37880,1872,39526,57865,44,1,1
6850,4464,209,96,35854,35657,1749,36158,42666,1,1,1
6851,11189,9897,89,51244,50022,1705,51746,74626,56,1,1
6852,41638,43174,116,78670,74904,27685,79694,192311,192,1,1
6853,15627,16525,106,64348,62586,15831,65000,113078,84,1,1
6854,17145,15939,154,44151,42405,1804,44839,79823,82,1,1
6855,9898,7746,98,36404,35318,1979,36879,56588,47,1,1
6856,14654,12628,97,39246,37768,2593,39805,69772,69,1,1
6857,11098,9231,95,33732,32563,1756,34234,56410,53,1,1
6858,15327,15019,88,49964,48335,1721,50543,82701,78,1,1
6859,17573,18691,96,52549,50585,4295,53203,93853,96,1,1
6860,41557,38559,114,85005,81547,28408,86008,194649,172,1,1
6861,16072,12211,114,59420,58031,15752,59996,104125,64,1,1
6862,16718,16004,118,39239,37532,1774,39885,74473,81,1,1
6863,7898,4380,94,32186,31470,1871,32583,46818,28,1,1
6864,11867,9126,100,34094,32940,2909,34603,58591,52,1,1
6865,8053,6509,91,32760,31842,1745,33212,49605,39,1,1
6866,11978,9298,93,48334,47146,2489,48822,72673,54,1,1
6867,16429,16258,95,59665,57921,3264,60338,96382,84,1,1
6868,40778,47474,119,75845,71817,27832,76928,193120,208,1,1
6869,16162,13063,103,60091,58634,15931,60657,105904,68,1,1
6870,13609,11944,144,39920,38511,1824,40521,67992,65,1,1
6871,9946,6477,98,34350,33400,1927,34805,53248,41,1,1
6872,12902,12077,100,42439,41010,1885,42998,69950,67,1,1
6873,29728,22523,192,45260,43024,4835,46091,103273,111,1,1
6874,12953,10148,105,45386,44145,2249,45914,71356,57,1,1
6875,17502,16237,95,46043,44281,3300,46657,83792,85,1,1
6876,41436,43923,121,71009,67306,20589,72024,178081,190,1,1
6877,17124,20761,126,62126,60426,10803,62770,111551,80,1,1
6878,12045,10188,190,32383,31153,1831,33001,57161,55,1,1
6879,5988,2685,99,41635,40968,1522,41999,52284,17,1,2
6880,17433,15564,101,41586,39887,1464,42197,76747,81,1,1
6881,11164,8866,96,32838,31725,12164,33336,65615,50,1,1
6882,8173,6052,97,41812,40956,1794,42260,58372,36,1,1
6883,19253,20916,99,58983,56881,2924,59670,102848,104,1,1
6884,42215,31801,116,66997,64222,3822,67835,145785,140,1,1
6885,17336,11388,165,58933,57618,3620,59553,91990,60,1,1
6886,4490,756,133,24987,24666,1798,25359,32502,6,1,1
6887,4126,209,94,22569,22370,1787,22864,29072,1,1,1
6888,18418,20682,95,44824,42734,2556,45502,87243,103,1,1
6889,19604,19478,95,34384,32412,9325,35047,83540,97,1,1
6890,5716,1985,89,64260,63659,1812,64610,74212,15,1,2
6891,7149,5760,87,44602,43769,2284,45022,60307,35,1,1
6892,42390,31125,131,77639,74866,27081,78525,179230,140,1,1
6893,17145,12921,113,61324,59868,15970,61908,108038,68,1,1
6894,24593,24711,122,43192,40831,1867,43961,95230,117,1,1
6895,8684,7390,101,34006,32999,1834,34476,52470,44,1,1
6896,12594,11223,114,38757,37431,3088,39299,66294,61,1,1
6897,8779,7589,93,32383,31364,1730,32841,51030,45,1,1
6898,14417,13411,100,51453,49954,1694,52029,81640,71,1,1
6899,17370,15565,196,52386,50683,5012,53101,91141,82,1,1
6900,41148,47395,114,76666,72635,28586,77737,194968,204,1,1
6901,17176,15001,104,61764,60158,15584,62360,110213,76,1,1
6902,21903,15178,152,41275,39599,1851,41944,80976,79,1,1
6903,9016,7887,98,36672,35642,1768,37160,55916,45,1,1
6904,12117,23253,184,36297,35004,1770,36923,74154,60,1,1
6905,9449,7423,93,34696,33675,1784,35177,53926,45,1,1
6906,14082,11474,95,48344,47031,1859,48875,76411,60,1,1
6907,16917,15597,97,49342,47634,1690,49956,84286,82,1,1
6908,41331,46942,117,75375,71369,27480,76445,192332,207,1,1
6909,15742,13790,102,61726,60176,15262,62319,107202,73,1,1
6910,14265,12813,174,40183,38686,1789,40850,69812,69,1,1
6911,8847,7678,97,35014,33977,1790,35496,53901,45,1,1
6912,5849,803,98,27368,27045,1856,27704,36300,7,1,1
6913,16291,17175,95,37003,35123,2080,37637,73276,88,1,1
6914,9545,9037,98,37600,36461,1794,38099,58571,51,1,1
6915,10930,9047,92,44314,43160,2563,44813,67448,52,1,1
6916,18110,17144,94,46078,44287,3040,46701,85087,87,1,1
6917,42016,39542,113,68590,65309,33407,69522,184592,167,1,1
6918,16377,12343,145,61252,59897,12471,61846,103134,62,1,1
6919,11650,8644,133,34239,33144,1785,34757,56931,48,1,1
6920,8807,6400,99,26805,25903,1786,27271,44356,38,1,1
6921,12235,13692,101,55780,54167,1821,56352,84189,70,1,2
6922,18480,21796,96,42748,40603,2243,43439,86052,106,1,1
6923,11902,7883,98,41637,40634,2151,42098,64124,44,1,1
6924,12692,7121,91,39950,38965,1826,40399,62130,42,1,1
6925,43309,23464,193,64447,62347,7524,65231,139633,103,1,1
6926,16972,11493,108,59554,58278,5095,60098,93750,58,1,1
6927,9300,3583,130,26074,25440,1784,26511,41270,23,1,1
6928,4309,217,98,20740,20537,1727,21048,27381,1,1,1
6929,15230,13720,98,33062,31519,2758,33650,65444,73,1,1
6930,5484,671,101,26448,26151,1777,26788,34806,5,1,1
6931,9747,8825,98,31849,30703,1731,32349,52743,51,1,1
6932,4581,317,95,23518,23268,1840,23831,30658,3,1,1
6933,4663,213,143,37123,36920,1814,37485,44260,1,1,1
6934,4182,220,95,35293,35095,1745,35593,41821,1,1,1
6935,12495,1564,107,57724,57297,1761,58103,74017,12,1,1
6936,16021,16225,97,62162,60461,15096,62779,110213,81,1,1
6937,14976,14504,118,37213,35621,1770,37822,69164,75,1,1
6938,8849,7556,103,34441,33422,1732,34921,53142,44,1,1
6939,12444,11214,100,33599,32277,1701,34124,59568,61,1,1
6940,15906,16156,191,42214,40439,1843,42925,76923,83,1,1
6941,8423,6978,95,35197,34207,1692,35649,52833,42,1,1
6942,16445,14916,97,48817,47190,2647,49409,83510,78,1,1
6943,17775,19102,93,53952,51977,4040,54614,95623,97,1,1
6944,41173,48346,121,76226,72161,27899,77314,194844,210,1,1
6945,15793,15321,101,61488,59825,16244,62101,109551,79,1,1
6946,18081,17302,177,40591,38732,1823,41317,78622,89,1,1
6947,8386,7098,100,35115,34147,1772,35570,52918,42,1,1
6948,14990,14694,110,48363,46626,2717,48987,81512,77,1,1
6949,11101,10784,157,38019,36725,1782,38620,62380,59,1,1
6950,13079,9827,95,47320,46131,1894,47837,72727,54,1,1
6951,17566,17819,96,50754,48906,4800,51405,91681,90,1,1
6952,41121,41381,116,84372,80816,26948,85401,194959,182,1,1
6953,17724,12593,116,61545,60154,15120,62119,107647,64,1,1
6954,11378,9799,138,39397,38193,1884,39963,63119,54,1,1
6955,4934,214,94,24246,24040,1885,24556,31673,1,1,1
6956,12049,12487,97,37417,35937,2224,37970,64823,66,1,1
6957,15307,13558,101,34985,33483,2390,35564,66912,71,1,1
6958,11771,11130,94,49237,47920,1775,49779,74547,61,1,1
6959,10554,9463,100,46390,45235,3017,46929,70058,52,1,1
6960,18995,18616,208,48512,46608,2786,49283,89773,93,1,1
6961,41392,47832,114,74539,70507,25664,75625,190617,208,1,1
6962,16657,12633,103,61466,60046,13731,62035,105146,66,1,1
6963,14095,11884,124,37446,36056,1810,38033,65919,64,1,1
6964,10351,7625,99,33894,32866,1977,34376,54422,45,1,1
6965,12770,11672,104,38761,37406,1781,39317,65631,63,1,1
6966,21886,24685,189,44591,42185,3954,45437,96057,120,1,1
6967,11928,10466,99,45793,44514,1785,46325,70596,59,1,1
6968,15593,14401,99,52272,50653,2035,52877,85034,72,1,1
6969,41213,43091,148,72342,68634,12590,73391,170398,188,1,1
6970,14795,10432,98,58761,57527,6575,59288,91183,56,1,1
6971,9393,6676,150,29647,28750,1820,30169,48153,37,1,1
6972,5751,1902,92,26522,26066,1895,26874,36514,14,1,1
6973,15292,13441,101,34825,33355,2421,35388,66634,69,1,1
6974,9766,4445,86,27725,27009,1866,28122,44290,28,1,1
6975,11736,10361,95,39202,37987,1747,39713,63646,55,1,1
6976,10216,5538,97,39955,39070,1807,40381,58033,33,1,1
6977,6963,1842,88,35735,35298,1756,36074,46721,13,1,1
6978,11826,2820,110,55531,55002,1720,55924,72384,18,1,1
6979,6389,216,96,53605,53393,11636,53918,72242,1,1,1
6980,41762,40297,187,50223,46693,28588,51264,162015,176,1,1
6981,10856,7432,103,28348,27305,16754,28805,63940,42,1,1
6982,20314,14515,101,32071,30530,9434,32651,77006,72,1,1
6983,17780,18827,94,44044,42105,2276,44694,83666,95,1,1
6984,13793,13223,105,40333,38779,1846,40915,69869,73,1,1
6985,14450,13168,99,54898,53404,2439,55468,85626,71,1,1
6986,19282,19063,103,54370,52390,4288,55048,97773,97,1,1
6987,41081,40845,218,78369,74742,26580,79478,188085,186,1,1
6988,15897,13735,105,61150,59591,15836,61744,107304,73,1,1
6989,15646,15455,118,42605,40904,2122,43245,76565,81,1,1
6990,9071,6641,93,33829,32888,1813,34274,51883,40,1,1
6991,14566,13816,99,39171,37650,2176,39751,70400,72,1,1
6992,8622,7357,93,45940,44924,1916,46462,64452,44,1,1
6993,14429,12880,109,48881,47402,1684,49467,78551,70,1,1
6994,17064,17122,101,50693,48830,2861,51339,88476,90,1,1
6995,40814,47706,138,77459,73475,28262,78561,195438,206,1,1
6996,17117,12628,104,60267,58846,15522,60829,106189,66,1,1
6997,11300,9622,112,35643,34441,1785,36171,58972,54,1,1
6998,10025,9589,160,36922,35702,1780,37509,58995,54,1,1
6999,4366,218,95,23657,23459,1777,23958,30401,1,1,1
7000,13059,12683,95,37503,36061,1910,38061,65807,68,1,1
7001,11394,10930,95,34531,33219,1748,35050,59215,59,1,1
7002,13553,11043,96,46838,45542,1698,47365,73750,60,1,1
7003,17032,19050,101,47201,45227,3190,47866,87230,97,1,1
7004,41299,39772,143,71492,68021,26282,72486,179948,178,1,1
7005,16168,22804,206,63992,62556,15377,64678,119122,67,1,1
7006,15497,12001,136,35930,34539,1776,36518,65891,64,1,1
7007,9422,7291,97,31741,30750,1772,32220,50790,43,1,1
7008,13713,12293,103,40161,38775,2760,40722,69574,65,1,1
7009,18965,20467,96,43093,40997,1801,43784,85103,103,1,1
7010,10331,7015,98,42121,41191,1730,42574,61742,40,1,1
7011,19135,19441,140,46948,45032,2001,47647,88316,93,1,1
7012,51447,32737,184,67634,64772,14058,68570,166912,145,1,1
7013,15125,10042,106,58974,57753,9458,59499,94216,55,1,1
7014,9399,4933,113,27027,26246,1433,27466,43327,31,1,1
7015,8109,3369,91,27706,27086,2100,28173,41836,23,1,1
7016,10924,10712,98,31894,30628,3143,32416,57280,58,1,1
7017,7367,3922,97,28209,27538,1727,28610,41714,26,1,1
7018,11766,10149,94,31534,30287,1771,32049,55821,57,1,1
7019,9212,4611,96,26950,26207,1718,27362,42989,30,1,1
7020,8028,3450,95,49314,48675,1803,49762,63136,24,1,1
7021,5412,631,104,36741,36455,1891,37077,45096,5,1,1
7022,36682,15080,138,60765,59222,1783,61387,115033,73,1,1
7023,14479,4068,104,56438,55754,1750,56850,77238,26,1,1
7024,4367,214,136,22816,22601,1894,23163,29724,1,1,1
7025,17313,18369,104,34237,32362,2596,34895,73258,91,1,1
7026,10554,9914,91,38732,37501,1762,39254,61572,56,1,1
7027,7011,2583,92,39200,38670,1804,39624,51116,18,1,1
7028,8770,6115,104,36645,35754,1805,37103,53886,38,1,1
7029,16286,17021,96,54142,52352,2401,54771,90570,87,1,1
7030,17376,19387,95,55868,53877,5784,56522,99160,97,1,1
7031,41073,44463,121,76847,72982,28574,77892,192141,198,1,1
7032,15834,15614,102,61550,59852,16231,62164,109936,81,1,1
7033,14451,12158,174,36459,35088,1784,37093,65583,63,1,1
7034,9263,7319,102,35673,34668,1793,36145,54611,44,1,1
7035,13260,11985,96,32017,30625,1747,32569,59654,65,1,1
7036,16105,15162,91,43610,41988,1884,44198,77439,78,1,1
7037,10783,9332,92,37028,35841,1688,37521,59414,54,1,1
7038,14106,13444,95,49542,48060,2035,50112,79787,70,1,1
7039,18323,17853,97,52202,50308,4508,52846,93619,92,1,1
7040,41501,42996,128,88121,84392,27530,89204,201340,191,1,1
7041,15194,14217,112,61362,59832,15909,61963,107374,72,1,1
7042,15464,13634,130,37534,36035,1805,38141,69139,70,1,1
7043,7110,4556,99,32748,32001,1764,33161,46674,30,1,1
7044,12937,11189,101,36342,34989,2429,36887,63531,62,1,1
7045,9392,8365,95,33492,32396,2108,33976,53931,49,1,1
7046,11198,10060,101,48226,46965,1738,48754,71839,58,1,1
7047,19349,21116,94,59570,57439,2752,60310,103620,105,1,1
7048,41087,44581,127,75340,71530,27532,76402,189709,196,1,1
7049,17025,11283,106,60481,59178,15700,61018,105120,59,1,1
7050,10971,9902,113,37297,36061,1822,37835,60624,56,1,1
7051,10159,7699,97,34214,33186,1989,34680,54614,45,1,1
7052,13548,12604,110,39097,37616,3051,39683,68971,70,1,1
7053,17376,28145,184,44279,42353,5458,45016,96078,94,1,1
7054,11825,9787,96,45472,44251,1723,45996,69420,56,1,1
7055,17103,15170,88,45832,44179,3209,46421,81994,79,1,1
7056,41237,43304,115,71729,68050,13984,72739,171375,189,1,1
7057,16073,13775,102,60900,59329,8563,61491,99993,74,1,1
7058,11789,9535,112,40174,38984,1916,40748,64083,53,1,1
7059,8024,5420,107,26418,25601,1705,26858,42101,34,1,1
7060,9519,6278,93,27119,26209,1822,27569,45281,39,1,1
7061,8239,4255,94,28175,27488,1813,28568,42958,27,1,1
7062,10637,9546,107,32745,31537,1799,33269,55346,55,1,1
7063,9225,6637,96,41526,40595,1717,41977,59650,40,1,1
7064,19252,21641,99,40461,38296,3566,41158,85709,107,1,1
7065,8333,5239,97,38776,37973,1753,39194,54610,33,1,1
7066,38746,26298,141,64350,62319,1804,65077,132033,99,1,1
7067,16415,7687,197,57577,56594,1847,58160,84203,42,1,1
7068,4520,354,112,23331,23063,1766,23667,30402,3,1,1
7069,8976,7561,99,28161,27137,3690,28635,48947,45,1,1
7070,6156,1425,94,52594,52071,1752,52938,62363,11,1,2
7071,17972,17422,98,37101,35247,1845,37737,75068,90,1,1
7072,7519,5849,91,32764,31885,1730,33193,48385,36,1,1
7073,4198,215,90,34883,34685,1686,35182,41363,1,1,1
7074,9164,7600,88,49758,48709,1707,50233,68798,46,1,1
7075,41368,57576,150,77546,73526,28715,78671,206427,208,1,1
7076,13700,10781,98,58831,57555,16071,59363,100008,58,1,1
7077,21126,22411,124,43339,41112,1768,44071,89480,110,1,1
7078,7977,6620,98,33990,33078,1853,34433,50976,39,1,1
7079,12634,8506,97,29963,28902,1819,30432,53483,47,1,1
7080,13591,11640,95,35505,34132,1686,36052,63057,64,1,1
7081,9656,7417,96,32343,31343,1742,32798,51702,44,1,1
7082,14844,22704,154,51200,49710,2232,51831,91695,70,1,1
7083,17779,16972,99,50952,49124,4300,51580,90725,89,1,1
7084,41961,38357,140,72413,69005,28494,73396,182315,174,1,1
7085,12120,7581,110,59622,58619,16430,60106,96329,43,1,1
7086,17874,15961,139,38328,36569,1870,38985,74782,84,1,1
7087,8196,5410,98,42525,41671,1902,43022,58631,34,1,1
7088,4764,217,102,24266,24068,1748,24575,31387,1,1,1
7089,16344,12599,99,36514,35098,1798,37067,67900,66,1,1
7090,6260,2793,97,29732,29168,1944,30104,41191,20,1,1
7091,15358,14836,100,47706,46133,2170,48285,80741,75,1,1
7092,16608,15994,104,48113,46386,4420,48734,85848,83,1,1
7093,40838,44720,134,74190,70280,32188,75264,193115,202,1,1
7094,15089,11317,104,61570,60217,15582,62140,104222,62,1,1
7095,14688,21267,204,42360,40867,1892,43092,81032,70,1,1
7096,10559,9262,102,34730,33583,1940,35237,57090,52,1,1
7097,13422,11134,92,38543,37141,2481,39067,66196,61,1,1
7098,19393,21599,100,44987,42790,2733,45694,89511,109,1,1
7099,12221,11369,100,45321,43971,2208,45869,71758,63,1,1
7100,19224,19406,97,45958,44016,2531,46613,87865,95,1,1
7101,41196,41327,116,80651,77083,18180,81674,182471,183,1,1
7102,16547,12916,116,61303,59845,11767,61889,103216,68,1,1
7103,12997,10379,134,57238,56001,1761,57789,83020,56,1,1
7104,8910,5004,92,65622,64706,1884,66041,81937,31,1,2
7105,11032,7757,104,61063,60036,3015,61539,83447,45,1,1
7106,17533,18736,99,70102,68158,9182,70760,116313,94,1,1
7107,13994,11668,105,173155,171809,1933,173747,201440,62,1,1
7108,10476,7579,103,165080,164070,1674,165552,185383,44,1,1
7109,43622,42548,502,113980,108378,29457,116324,232677,179,1,1
7110,5968,349,192,27990,27784,1821,28412,36635,1,1,1
7111,16410,12919,104,41618,39706,15651,42187,87265,65,1,1
7112,28314,24693,96,61995,59347,5279,62778,121160,115,1,1
7113,7475,6547,107,39601,38455,2206,40069,56389,39,1,1
7114,4336,218,89,36437,36235,1838,36739,43212,1,1,1
7115,7779,6036,92,48819,47962,2006,49255,65167,36,1,1
7116,41191,49865,112,79747,75428,28836,80846,200834,215,1,1
7117,16725,15210,93,59937,58293,15661,60542,108230,78,1,1
7118,30211,21222,169,47497,45216,1904,48272,101705,103,1,1
7119,9672,6652,92,36531,35635,1942,36972,55328,38,1,1
7120,10890,9412,107,31697,30533,1832,32219,54445,53,1,1
7121,14064,11555,94,38070,36734,1850,38608,66170,62,1,1
7122,11027,10613,102,37087,35789,1762,37621,61116,59,1,1
7123,15973,13271,98,47189,45719,1764,47759,78860,69,1,1
7124,17830,16890,101,52107,50327,4421,52740,91973,86,1,1
7125,41519,40884,134,78747,74974,38036,79774,200307,185,1,1
7126,17672,13354,142,60786,59294,15430,61411,107959,70,1,1
7127,18558,20163,118,41937,39983,1801,42627,83248,95,1,1
7128,8097,7155,98,34550,33495,1801,35028,52172,41,1,1
7129,13723,12899,102,38830,37360,1870,39396,67975,69,1,1
7130,5189,2591,97,30580,30046,1846,30942,40653,18,1,1
7131,16709,13869,97,49589,48043,2450,50168,83290,73,1,1
7132,17598,18083,95,61986,60079,4554,62673,103000,92,1,1
7133,41492,35051,143,72306,69203,26537,73241,176415,157,1,1
7134,16819,16577,105,66500,64653,15836,67133,116456,84,1,1
7135,15881,16088,110,41487,39731,1835,42128,76024,84,1,1
7136,8396,7179,94,34227,33215,1890,34705,52255,44,1,1
7137,15421,15089,97,42163,40506,2401,42764,75760,79,1,1
7138,17578,30374,148,45404,43414,4766,46134,98935,97,1,1
7139,12073,10920,102,45701,44358,2496,46244,71824,62,1,1
7140,17266,17452,99,46529,44705,2528,47151,84491,88,1,1
7141,40939,41563,108,72062,68483,20639,73048,176281,183,1,1
7142,16047,12809,95,61461,60030,11473,62014,102436,66,1,1
7143,11544,18806,155,30648,29507,1848,31215,63505,50,1,1
7144,6645,3985,99,42145,41337,1806,42545,55084,25,1,2
7145,14757,11766,99,40288,38949,2436,40832,69882,62,1,1
7146,18975,20816,94,46020,43927,7348,46707,93937,103,1,1
7147,8119,4817,92,40718,39943,1748,41134,55908,31,1,1
7148,12568,11273,99,41375,40036,1692,41916,67541,62,1,1
7149,42108,32261,109,73140,70253,4962,73994,153425,145,1,1
7150,16604,22047,151,59854,58519,3814,60474,103023,61,1,1
7151,4482,308,107,24318,24071,1866,24646,31395,2,1,1
7152,4513,212,94,22827,22622,1801,23140,29750,1,1,1
7153,17197,17972,94,43539,41569,3408,44190,82853,92,1,1
7154,17198,18778,181,35603,33670,4518,36340,76919,94,1,1
7155,5824,2256,91,64564,63918,1734,64926,74826,16,1,2
7156,7917,6542,93,42984,42102,1708,43436,59696,37,1,1
7157,41493,32936,112,78375,75531,27419,79272,181212,143,1,1
7158,16895,16613,108,64224,62438,15930,64871,114404,84,1,1
7159,14154,12406,109,40728,39253,1837,41315,69803,68,1,1
7160,7162,4969,104,35159,34336,1783,35595,49602,32,1,1
7161,13179,12308,101,39740,38345,2741,40295,68615,65,1,1
7162,7437,5533,92,32675,31850,1797,33100,47958,34,1,1
7163,15507,13657,102,46947,45420,1991,47526,78774,71,1,1
7164,17010,30252,164,53012,51105,6118,53721,107185,93,1,1
7165,41356,46145,108,77315,73444,28225,78358,194179,199,1,1
7166,16180,13078,109,61849,60306,16290,62431,108070,68,1,1
7167,13024,11724,114,37983,36620,1874,38547,65262,62,1,1
7168,9472,9445,100,36538,35385,1795,37059,57861,52,1,1
7169,12042,9589,107,37766,36576,2240,38295,62258,54,1,1
7170,8288,5886,142,33484,32641,1772,33978,50015,35,1,1
7171,12452,11767,92,48416,47061,2417,48962,75690,63,1,1
7172,16969,16086,97,50214,48489,3036,50833,87016,83,1,1
7173,40565,45170,108,74639,70775,27907,75683,189418,198,1,1
7174,16871,14002,103,67789,66221,15504,68382,114849,74,1,1
7175,25083,14779,168,40539,38910,1851,41218,83025,77,1,1
7176,8804,7194,94,35498,34511,1821,35965,53877,43,1,1
7177,4393,214,101,23777,23571,1922,24085,30697,1,1,1
7178,15917,15354,99,35833,34150,1856,36443,69662,81,1,1
7179,8833,7767,95,40396,39366,1766,40861,59320,45,1,1
7180,11100,9238,98,46145,44969,2655,46662,69746,53,1,1
7181,17395,18240,90,46565,44639,3419,47214,86359,93,1,1
7182,41442,42826,110,71246,67650,25223,72239,181823,184,1,1
7183,23511,22834,149,63425,61266,9911,64185,120533,106,1,1
7184,8353,5663,129,34197,33339,1763,34664,50536,35,1,1
7185,8978,6861,92,26854,25902,1859,27314,45096,41,1,1
7186,13257,12946,97,55386,53765,1925,55958,84172,70,1,2
7187,21691,22638,93,42596,40312,1464,43324,89203,113,1,1
7188,11721,6469,92,39930,39011,3432,40374,62088,39,1,1
7189,13611,7149,93,38980,38015,2213,39443,62508,41,1,1
7190,18982,9511,162,60724,59583,10026,61290,99901,51,1,1
7191,15341,8419,100,60347,59285,4992,60828,89674,46,1,1
7192,8946,3705,109,26122,25450,1891,26546,41181,25,1,1
7193,3882,205,95,26074,25858,1792,26382,32353,1,1,1
7194,14183,13176,95,32390,30896,2888,32958,63297,70,1,1
7195,5364,884,95,25777,25449,1792,26107,34232,7,1,1
7196,9668,7249,96,30393,29403,1817,30854,49674,43,1,1
7197,4583,213,95,23293,23090,1790,23596,30266,1,1,1
7198,4389,208,97,35654,35445,1826,35951,42457,1,1,1
7199,4520,208,200,35320,35116,1793,35724,42329,1,1,1
7200,11858,1775,102,55841,55396,1834,56212,71773,13,1,1
7201,9552,6470,94,58766,57879,12969,59207,88289,37,1,1
7202,18771,19888,132,42769,40756,1794,43484,84030,98,1,1
7203,12189,11298,92,45568,44110,1776,46125,71491,63,1,1
7204,14016,11776,107,39528,38168,3260,40089,69235,63,1,1
7205,7246,4709,96,44193,43423,1816,44657,58520,30,1,1
7206,15467,14057,107,52610,51023,2879,53207,85698,75,1,1
7207,17895,19344,95,52962,50917,4372,53624,95327,100,1,1
7208,41666,39095,131,75374,71948,28277,76359,185494,175,1,1
7209,16295,12700,104,59692,58231,15635,60269,104990,68,1,1
7210,17756,15989,108,39515,37779,1808,40141,75787,83,1,1
7211,7485,4434,150,34595,33876,1790,35080,48882,28,1,1
7212,10292,6977,98,28981,28049,1967,29441,48769,40,1,1
7213,10613,9620,95,36829,35638,1812,37338,59475,54,1,1
7214,10267,9099,100,35895,34741,1992,36391,57842,52,1,1
7215,13416,10435,95,46991,45724,1744,47505,73192,58,1,1
7216,18378,20481,104,49782,47690,2119,50475,91543,103,1,1
7217,41721,41025,106,73803,70194,27051,74789,184680,185,1,1
7218,41619,41170,164,73172,69595,10331,74207,167419,183,1,1
7219,10159,8714,131,38765,37618,1783,39304,60053,51,1,1
7220,4250,211,96,23913,23704,1933,24204,30677,1,1,1
7221,12015,10690,95,37493,36234,1803,38015,62609,58,1,1
7222,13873,11956,99,34573,33194,2693,35194,63806,64,1,1
7223,10570,8424,92,36209,35111,1713,36693,57486,49,1,1
7224,10667,9688,91,46028,44814,2534,46523,69504,55,1,1
7225,16549,16415,102,47443,45636,3482,48067,84605,87,1,1
7226,41352,44028,153,74210,70404,23910,75293,184680,195,1,1
7227,15916,13852,98,61042,59508,14175,61624,105653,72,1,1
7228,15379,13685,134,38983,37412,1972,39615,70744,74,1,1
7229,8239,7194,97,28796,27811,1810,29262,46590,42,1,1
7230,4688,203,103,18408,18204,1839,18719,25530,1,1,1
7231,17571,17713,88,42620,40767,1748,43253,80374,90,1,1
7232,18350,19640,98,54857,52836,4084,55583,97765,99,1,1
7233,10020,7786,104,43481,42454,1764,43970,63650,45,1,1
7234,15079,13777,96,43291,41788,1733,43858,74538,71,1,1
7235,41702,40084,105,70775,67259,10464,71748,164108,178,1,1
7236,15629,11980,107,60977,59597,6164,61538,95404,64,1,1
7237,9503,6362,103,28270,27364,1930,28725,46614,37,1,1
7238,5690,2370,156,27566,27045,1838,28006,37995,17,1,1
7239,14285,14605,95,44860,43265,2641,45444,77071,76,1,1
7240,20487,21749,94,45718,43560,4720,46414,93457,106,1,1
7241,9982,5814,97,39657,38813,1872,40080,57839,35,1,1
7242,5889,1431,90,35973,35573,1725,36311,45442,11,1,1
7243,11737,2000,102,56569,56104,1813,56943,72586,14,1,1
7244,5891,224,92,53795,53583,1913,54088,62212,1,1,1
7245,41709,40737,182,50367,46821,28685,51427,162654,181,1,1
7246,10489,6544,99,28005,27129,16835,28443,62404,37,1,1
7247,20056,15303,102,32208,30568,9495,32831,77776,79,1,1
7248,17168,17104,92,43755,41936,2616,44395,81375,88,1,1
7249,8806,7808,93,37516,36470,1772,37990,56469,46,1,1
7250,10512,9117,94,44031,42873,3005,44527,67253,52,1,1
7251,19342,21833,96,54931,52787,3222,55627,100116,106,1,1
7252,41872,47352,239,75767,72449,28780,76846,194944,163,1,1
7253,16504,9744,98,60946,59763,16255,61463,104054,53,1,1
7254,18358,18167,135,42261,40353,1742,42958,81317,92,1,1
7255,7122,4332,94,31982,31249,1783,32388,45707,28,1,1
7256,13600,12421,107,38719,37310,3244,39277,68635,65,1,1
7257,9039,6776,102,34721,33770,1976,35204,53088,41,1,1
7258,16305,15395,100,50792,49080,2455,51393,85637,78,1,1
7259,18755,19042,209,52158,50148,3163,52948,93999,98,1,1
7260,41396,44699,109,76322,72479,28408,77365,191960,197,1,1
7261,16880,11628,99,60339,59026,15404,60884,104887,60,1,1
7262,13092,11647,135,37314,35952,1734,37903,64470,62,1,1
7263,9458,8499,103,37387,36208,1780,37878,57700,48,1,1
7264,5109,341,115,57933,57550,1749,58326,65624,3,1,2
7265,9785,8821,96,33000,31911,1705,33493,53897,48,1,1
7266,14071,13130,108,46438,44967,1810,47017,76118,69,1,1
7267,18229,20165,99,48326,46285,3123,48995,90603,100,1,1
7268,41773,35197,109,71018,67881,24483,71922,173468,159,1,1
7269,22108,21262,94,64289,62167,13479,64974,121918,104,1,1
7270,16300,16977,188,40221,38416,1820,40939,76132,86,1,1
7271,9872,7464,100,34471,33467,1732,34937,54106,44,1,1
7272,14489,13396,100,40977,39476,3156,41553,72683,71,1,1
7273,18858,21111,96,44704,42557,1773,45389,87225,106,1,1
7274,11293,9799,94,43583,42409,2247,44086,67516,53,1,1
7275,18169,16277,94,44689,43020,2249,45276,82061,79,1,1
7276,41655,41580,128,70125,66656,16657,71112,171095,177,1,1
7277,14470,10933,161,61326,60046,10006,61914,97419,58,1,1
7278,7066,3048,127,26598,26019,1860,27018,39084,20,1,1
7279,7888,3363,100,23816,23204,1942,24205,37488,22,1,1
7280,14759,14245,102,42215,40672,2493,42795,74382,73,1,1
7281,17957,17594,96,43812,41925,4880,44458,84981,91,1,1
7282,8823,4318,93,49057,48344,1857,49464,64566,28,1,1
7283,5587,219,92,35996,35789,1896,36309,44097,1,1,1
7284,46305,16429,212,62653,61017,1879,63373,128078,78,1,1
7285,13848,2807,100,55428,54891,1860,55813,74423,18,1,1
7286,4437,218,104,25879,25663,1848,26202,32799,1,1,1
7287,18399,18664,92,37357,35293,1853,37997,76998,92,1,1
7288,9828,8887,94,40071,38713,1860,40566,61225,50,1,1
7289,11301,7727,95,32961,31952,1772,33434,54340,44,1,1
7290,10172,8575,92,36631,35552,1714,37106,57659,48,1,1
7291,12833,9837,95,61100,59872,3207,61693,87660,56,1,1
7292,16984,17307,103,54433,52578,4818,55077,94277,90,1,1
7293,1180,213,94,53133,52922,1006,53446,55925,1,1,1
7294,41209,46931,101,15233,11234,45117,16288,149627,205,1,1
7295,24292,27332,94,66228,63621,14160,67005,132878,128,1,1
7296,15142,14497,135,39522,37914,1854,40145,71732,75,1,1
7297,9486,8380,150,35983,34924,1848,36515,56322,47,1,1
7298,13498,11990,98,37076,35659,2644,37629,65854,65,1,1
7299,10578,9933,98,34268,33035,1751,34789,57145,56,1,1
7300,14482,13432,98,50425,48936,2267,50984,81260,70,1,1
7301,18086,19011,93,52357,50329,4400,53026,94615,99,1,1
7302,41553,42297,107,75190,71636,28579,76176,188700,182,1,1
7303,16653,13928,106,72041,70545,15606,72671,118953,70,1,1
7304,13711,10468,130,36461,35215,1889,37004,63176,56,1,1
7305,7058,3535,93,34280,33654,1785,34668,47140,23,1,1
7306,13866,13273,107,37102,35610,2570,37686,67490,70,1,1
7307,9300,7987,97,34914,33849,1804,35394,54579,47,1,1
7308,9063,7033,93,44738,43784,1787,45187,63161,41,1,1
7309,16658,16431,92,57069,55310,4571,57684,95444,85,1,1
7310,41820,38533,112,83828,80469,23627,84867,188941,170,1,1
7311,16900,12968,110,61696,60284,14883,62268,107111,66,1,1
7312,13620,13407,112,39745,38214,1870,40337,69345,71,1,1
7313,11773,11374,94,35802,34479,1774,36341,61349,61,1,1
7314,15690,14183,100,42818,41238,3257,43399,76614,75,1,1
7315,19817,21884,101,45595,43407,4059,46300,92149,108,1,1
7316,11764,9565,92,45058,43845,3046,45564,70034,55,1,1
7317,19732,19684,215,47431,45448,1757,48214,89480,97,1,1
7318,41606,38072,145,70864,67505,16357,71833,167964,167,1,1
7319,16579,14519,103,60993,59427,9781,61589,102562,74,1,1
7320,12190,11131,108,32114,30801,1795,32656,57866,60,1,1
7321,7106,5137,92,30324,29545,1420,30745,44494,32,1,1
7322,7120,2749,97,28654,27963,1366,29027,40348,19,1,1
7323,7465,4679,96,36690,35940,1780,37222,51237,30,1,1
7324,8368,3203,107,26604,26033,1749,27002,40407,20,1,1
7325,19114,19571,95,59407,57422,1740,60062,100580,97,1,1
7326,9183,5524,93,39139,38317,1359,39562,55724,34,1,1
7327,36938,22280,110,63639,61514,1446,64346,125107,104,1,1
7328,16204,8282,96,58190,57164,2159,58661,85398,44,1,1
7329,4331,314,162,24209,23957,2176,24600,31516,2,1,1
7330,9374,8118,94,30994,29932,3467,31478,52523,47,1,1
7331,4966,1324,96,54669,54156,1804,55006,63192,10,1,2
7332,15403,15527,96,34995,33345,1826,35602,68446,79,1,1
7333,8917,7112,93,31996,31011,1756,32451,50330,42,1,1
7334,4411,214,88,35320,35118,1857,35617,42182,1,1,1
7335,9022,7736,95,49391,48364,1754,49853,68456,45,1,1
7336,41537,51171,125,77385,73584,28790,78447,200042,196,1,1
7337,41083,49222,161,76929,72812,10726,78071,179194,213,1,1
7338,20099,22041,111,44166,42007,1779,44882,88893,106,1,1
7339,9462,7583,92,37550,36523,1764,38011,56906,45,1,1
7340,12826,11534,161,35829,34490,2664,36441,63557,62,1,1
7341,9019,7732,92,33164,32119,1734,33625,52203,45,1,1
7342,15677,13229,92,51535,50030,1806,52095,82900,71,1,1
7343,18620,18855,100,63482,61512,4246,64210,106024,96,1,1
7344,41537,40200,121,76893,73386,27989,77877,187697,180,1,1
7345,12175,8694,98,62419,61309,16508,62923,100396,49,1,1
7346,14418,13046,111,38775,37298,1790,39356,68704,69,1,1
7347,9826,7369,92,33654,32647,1738,34111,53130,44,1,1
7348,13575,11399,99,36105,34769,2869,36643,64580,62,1,1
7349,7825,5557,95,32914,32068,1764,33345,48576,35,1,1
7350,16236,16099,203,50527,48764,2495,51256,86179,85,1,1
7351,17611,18198,92,49718,47800,2579,50368,88848,93,1,1
7352,41177,50124,111,75401,71232,27411,76500,195307,216,1,1
7353,16034,24715,137,68308,66598,15919,69095,125857,81,1,1
7354,17089,18231,108,52088,50235,2072,52783,90270,89,1,1
7355,8613,7936,106,36165,35125,1825,36661,55128,46,1,1
7356,14384,13172,100,41290,39788,1858,41867,71374,71,1,1
7357,17881,19100,89,45244,43245,4860,45898,87831,98,1,1
7358,13375,10779,99,45280,43995,2424,45810,72482,59,1,1
7359,18020,16606,100,45641,43897,2788,46261,83767,84,1,1
7360,42148,37513,130,68416,65648,20297,69282,169335,140,1,1
7361,42057,36024,174,69152,66037,6370,70125,154667,159,1,1
7362,13104,7938,104,58214,57194,1658,58698,81507,44,1,1
7363,11104,4884,89,66090,65198,2012,66492,84586,29,1,2
7364,11757,7665,102,37828,36847,3256,38309,61082,43,1,1
7365,13543,13259,95,50800,49352,1867,51363,80138,68,1,1
7366,10377,9125,105,40158,39016,1807,40666,62070,51,1,1
7367,8847,7640,93,46181,45159,1836,46640,65067,44,1,1
7368,12600,7686,95,159935,158906,1698,160463,182552,44,1,1
7369,12087,8397,104,164926,163847,1940,165415,187935,47,1,1
7370,43574,42036,683,112046,105771,29654,114484,230318,179,1,1
7371,6160,352,97,28233,28034,1951,28568,37149,1,1,1
7372,15808,13249,116,42334,40735,16097,42911,88170,67,1,1
7373,31506,28385,94,45503,42620,4904,46283,111173,129,1,1
7374,7810,6590,95,38069,36984,1857,38525,54877,39,1,1
7375,4401,197,95,36619,36421,1845,36922,43452,1,1,1
7376,8134,6825,90,51173,50226,1751,51622,68419,41,1,1
7377,41087,45187,188,78834,74592,28677,79951,194998,194,1,1
7378,20375,22512,107,64942,62670,14732,65664,123375,108,1,1
7379,14718,13527,105,42191,40607,1927,42780,73044,69,1,1
7380,8142,7157,97,36750,35650,1954,37208,54553,42,1,1
7381,12316,11978,102,38497,37073,2566,39053,65999,65,1,1
7382,9517,8768,93,47231,46097,1883,47769,68027,50,1,1
7383,16728,15068,114,50588,48939,1408,51208,84499,79,1,1
7384,22594,25957,93,54655,52143,3315,55421,107372,126,1,1
7385,1460,209,88,54386,54173,976,54689,57418,1,1,1
7386,41569,38384,105,12949,9574,44376,13875,138289,173,1,1
7387,20626,25741,97,64359,62581,14413,64990,125863,86,1,1
7388,2341,673,142,26064,25690,5070,26448,34624,5,1,1
7389,13784,11547,96,28930,27516,1819,29485,56722,62,1,1
7390,7538,4625,93,32749,31962,1780,33168,47198,31,1,1
7391,12545,11914,105,35497,34166,3471,36051,64067,62,1,1
7392,8585,6793,96,33846,32917,1694,34297,51464,40,1,1
7393,14367,13084,103,45431,43982,1687,45988,75218,68,1,1
7394,17254,16045,100,48049,46317,2686,48674,84746,83,1,1
7395,41622,38188,98,73274,69847,27036,74222,181160,171,1,1
7396,16833,14337,193,64727,63124,15275,65423,111963,75,1,1
7397,13261,11862,104,38359,36930,1808,38925,65960,64,1,1
7398,10968,10507,101,35419,34149,1771,35958,59292,58,1,1
7399,14022,13422,104,47407,45869,2702,47993,78225,71,1,1
7400,17436,18274,94,44565,42679,5300,45207,86314,92,1,1
7401,12868,8622,107,44788,43693,2226,45296,69102,49,1,1
7402,17591,17123,97,46260,44444,2487,46929,84215,88,1,1
7403,41106,43786,168,74128,70272,21181,75200,181392,188,1,1
7404,18094,14563,99,60608,59060,10268,61194,104208,73,1,1
7405,11986,9888,105,30393,29215,1857,30899,54726,53,1,1
7406,6218,3721,98,41988,41171,1800,42385,54211,25,1,2
7407,14980,13765,104,40223,38733,2846,40809,72486,71,1,1
7408,18529,21632,96,45746,43504,5832,46444,92521,106,1,1
7409,12688,9949,200,43566,42262,1746,44185,68667,55,1,1
7410,10466,6817,92,40068,39129,1756,40516,59650,41,1,1
7411,41821,36536,102,67121,64004,5705,68032,152189,158,1,1
7412,17425,11947,102,59146,57803,3964,59702,93326,62,1,1
7413,4534,528,139,25414,25109,1985,25811,32964,4,1,1
7414,4172,197,89,21389,21196,2175,21686,28317,1,1,1
7415,18272,20965,101,45312,43206,3429,46013,88776,103,1,1
7416,13223,12474,155,34438,32880,11512,35055,72357,66,1,1
7417,4680,823,93,62542,62065,2139,62870,70598,7,1,2
7418,8364,7144,95,47022,46053,1856,47489,64947,42,1,1
7419,41733,31489,98,70937,68014,26846,71772,171925,143,1,1
7420,16030,11960,104,62149,60687,15609,62716,106405,64,1,1
7421,25798,16462,232,42692,40808,1893,43476,87726,87,1,1
7422,8671,6478,97,36765,35642,1837,37217,54295,40,1,1
7423,13894,12252,109,37262,35827,3654,37831,67720,67,1,1
7424,9699,9055,95,38633,37469,1791,39136,59774,52,1,1
7425,14360,14111,96,52321,50754,1760,52906,83223,74,1,1
7426,19120,18933,91,52774,50757,4511,53441,96090,99,1,1
7427,40711,47579,101,76419,72349,28542,77546,194464,211,1,1
7428,13290,10291,177,60382,59103,16263,60991,100945,56,1,1
7429,12281,11569,100,38527,37155,1773,39070,64790,62,1,1
7430,7872,6489,96,36288,35323,1756,36734,52946,39,1,1
7431,14233,13870,100,38966,37397,2058,39542,69795,73,1,1
7432,10203,8856,94,34626,33493,1819,35119,56089,51,1,1
7433,14608,13973,104,50393,48740,1668,50982,81324,74,1,1
7434,18313,18605,102,50288,48310,2744,50946,90704,96,1,1
7435,41037,50272,174,75495,71269,28204,76685,196284,218,1,1
7436,20687,18400,108,62106,60218,14407,62772,116538,92,1,1
7437,18112,16207,110,39211,37473,1855,39842,76109,81,1,1
7438,9210,7835,95,35876,34791,1819,36340,55298,45,1,1
7439,4618,196,95,28267,28053,1771,28576,35256,1,1,1
7440,16497,14733,105,36539,34850,1816,37155,70290,79,1,1
7441,10085,8409,94,41032,39897,1760,41519,61863,49,1,1
7442,11663,8756,177,44324,43190,2708,44923,68145,51,1,1
7443,18977,17434,95,46083,44238,3312,46714,86531,89,1,1
7444,41737,45697,99,71832,67995,25028,72852,185413,196,1,1
7445,19996,19265,103,62289,60332,11478,62949,113776,95,1,1
7446,11145,10123,101,35319,34077,1766,35831,58958,56,1,1
7447,10536,7885,183,28838,27785,1754,29410,49680,45,1,1
7448,13985,13891,95,57448,55812,2140,58013,88116,72,1,2
7449,19012,20940,102,42568,40394,2131,43275,85445,107,1,1
7450,11703,9178,91,42935,41789,1746,43429,66151,51,1,1
7451,12877,8149,93,39920,38846,1726,40402,63246,47,1,1
7452,42342,26979,101,65168,62802,8451,65966,143824,118,1,1
7453,17956,10713,102,57895,56653,15187,58467,102600,57,1,1
7454,9357,3661,202,27120,26449,1769,27634,42520,24,1,1
7455,4168,194,96,21961,21751,1815,22257,28517,1,1,1
7456,14921,14438,98,40519,38902,2313,41107,72867,75,1,1
7457,13134,10927,94,40214,38859,8934,40747,73827,60,1,1
7458,4512,197,87,35767,35567,1822,36054,42669,1,1,1
7459,4674,193,87,34492,34303,1790,34778,41520,1,1,1
7460,11213,793,95,54078,53774,1734,54410,68246,6,1,1
7461,9275,7299,103,66008,64992,13819,66531,97022,42,1,1
7462,18241,18262,117,40927,39040,1791,41604,79991,92,1,1
7463,8994,8116,92,33503,32431,1741,33985,52922,46,1,1
7464,14038,13168,101,38695,37206,3145,39269,69709,70,1,1
7465,8546,5954,95,34427,33549,1833,34866,51293,37,1,1
7466,15042,13131,98,50197,48697,2976,50769,82006,71,1,1
7467,26915,30932,107,58273,55368,1753,59142,118847,145,1,1
7468,48987,39912,155,74551,70944,29123,75588,193706,179,1,1
7469,17575,14385,102,60759,59185,15539,61361,108954,75,1,1
7470,16208,16397,119,40616,38829,1851,41258,75810,82,1,1
7471,7561,5140,97,32950,32140,1827,33377,47992,33,1,1
7472,11572,9735,99,38126,36895,1696,38635,61733,55,1,1
7473,8214,4506,97,32823,32107,1833,33235,47881,28,1,1
7474,13843,12427,100,59040,57611,1967,59654,87987,67,1,1
7475,17917,19266,104,53416,51442,4229,54086,95591,96,1,1
7476,40824,43241,101,75835,72053,27390,76856,188405,193,1,1
7477,17139,11829,101,59855,58463,15439,60411,105098,63,1,1
7478,9369,7561,112,37000,35947,1811,37496,56331,45,1,1
7479,4762,199,90,23614,23412,1679,23916,30640,1,1,1
7480,13897,12673,97,51466,49619,1813,52065,80542,67,1,1
7481,12232,10550,107,34824,33537,2921,35357,61156,58,1,1
7482,7716,6501,94,32002,31089,1823,32447,48574,39,1,1
7483,12575,11209,101,34012,32657,1867,34554,60301,62,1,1
7484,15982,14759,101,48316,46667,2193,48925,81956,79,1,1
7485,18973,18996,101,47981,45987,2204,48654,88921,98,1,1
7486,40574,46805,92,71894,67952,23850,72924,184238,202,1,1
7487,16852,12667,105,68258,66794,13232,68892,111737,67,1,1
7488,16620,15223,122,38529,36857,1806,39177,72918,78,1,1
7489,8803,7669,99,34052,33021,1753,34535,52852,45,1,1
7490,12264,10733,102,39191,37917,2713,39716,65520,57,1,1
7491,19178,20577,100,41246,39139,4923,41941,86714,103,1,1
7492,10699,7993,93,42667,41596,1887,43140,63813,47,1,1
7493,14504,11996,96,48696,47306,1734,49249,77584,65,1,1
7494,41571,38053,108,79325,75963,9326,80310,169354,169,1,1
7495,13628,10097,112,58277,57069,6759,58816,89392,55,1,1
7496,10011,5223,104,26846,26067,1757,27279,44357,31,1,1
7497,4908,767,95,25111,24806,1836,25445,33042,6,1,1
7498,13972,12824,101,33433,31999,3280,34000,64166,68,1,1
7499,9446,3400,93,26087,25431,1824,26481,41244,24,1,1
7500,8278,7543,97,37615,36591,1730,38084,55721,44,1,1
7501,10637,5794,99,39237,38400,1676,39738,57939,34,1,1
7502,6308,1257,89,44090,43714,1797,44481,53937,10,1,1
7503,12767,2675,105,56619,56085,1888,57022,74447,18,1,1
7504,6327,200,96,53150,52943,1783,53466,61864,1,1,1
7505,41343,44065,104,49344,45544,28654,50356,164520,193,1,1
7506,11326,8464,98,28017,26971,16694,28489,65059,46,1,1
7507,19692,15986,99,32346,30683,9582,32947,78297,80,1,1
7508,17096,17862,103,42093,40191,2575,42751,80371,92,1,1
7509,10286,8492,176,38614,37486,1771,39189,59845,50,1,1
7510,13794,12368,106,49669,48232,2599,50233,79104,66,1,1
7511,16374,16894,100,51775,49996,4539,52408,90308,86,1,1
7512,41699,37813,100,74808,71431,27991,75757,183369,173,1,1
7513,17090,12917,103,60769,59293,15464,61329,106893,67,1,1
7514,20166,25314,160,47311,45467,2103,48007,95683,85,1,1
7515,7527,5447,98,34001,33161,1680,34439,49186,34,1,1
7516,16142,13578,102,39250,37726,2657,39827,72298,71,1,1
7517,7817,6064,94,33401,32517,2029,33836,49841,37,1,1
7518,17125,16041,105,49023,47301,1528,49642,84434,83,1,1
7519,9577,7962,96,47491,46409,4707,47977,70318,48,1,1
7520,40616,57200,130,78788,74513,23221,79932,201060,220,1,1
7521,17268,15393,151,62454,60820,15445,63119,111318,77,1,1
7522,14690,13797,111,36768,35208,1777,37365,67723,72,1,1
7523,11360,10984,95,36240,34905,1796,36780,61016,60,1,1
7524,4691,761,93,49040,48608,1844,49366,56751,6,1,2
7525,7908,6235,95,32769,31891,1948,33208,49392,37,1,1
7526,12502,10904,95,46436,45140,1691,46969,72159,60,1,1
7527,21665,24166,103,49698,47316,2796,50448,99168,119,1,1
7528,49684,43758,159,73594,69807,24734,74673,192944,193,1,1
7529,17191,9093,98,57692,56597,14071,58181,98632,49,1,1
7530,15048,13965,108,36557,34990,1712,37148,67968,73,1,1
7531,9518,6520,92,31949,31055,1780,32398,50302,38,1,1
7532,13191,11379,97,37600,36153,3637,38148,66442,63,1,1
7533,17173,18209,98,44271,42348,3601,44914,83983,93,1,1
7534,11243,6421,95,55112,54183,1733,55642,75135,38,1,1
7535,18026,15252,115,43692,42118,1944,44297,79615,75,1,1
7536,41581,36996,105,68662,65486,16248,69569,164486,161,1,1
7537,14736,11173,100,60192,58914,9605,60728,96335,58,1,1
7538,8786,4960,104,26446,25648,1720,26870,42430,30,1,1
7539,7829,1742,92,23064,22629,1835,23407,34901,13,1,1
7540,13860,12522,99,32439,31002,2312,32990,61769,66,1,1
7541,8530,6424,147,30041,29130,1851,30548,47449,39,1,1
7542,10095,9356,97,29754,28587,1692,30248,51477,52,1,1
7543,7417,5150,93,27170,26366,1783,27581,42020,32,1,1
7544,9478,3493,96,37473,36841,1686,37861,52615,23,1,1
7545,5296,649,93,37706,37404,1670,38021,45722,5,1,1
7546,32945,11961,97,58492,57191,1697,59031,105721,60,1,1
7547,21779,3570,105,56029,55392,1804,56448,83699,23,1,1
7548,4635,243,177,23206,22996,1786,23596,30353,1,1,1
7549,16778,16282,101,33707,31945,2301,34308,69761,80,1,1
7550,8453,7458,98,36758,35751,1759,37235,54998,44,1,1
7551,7163,2038,92,30314,29840,1670,30672,41633,15,1,1
7552,8182,6041,97,31487,30598,1720,31926,47964,37,1,1
7553,17633,16246,96,52071,50330,2414,52684,89069,83,1,1
7554,17015,17942,96,53230,51329,5384,53882,94316,93,1,1
7555,41067,44963,101,76025,72159,28061,77055,191241,197,1,1
7556,15859,13622,152,61734,60200,15760,62377,107712,72,1,1
7557,15965,15998,105,39424,37682,1781,40044,73882,83,1,1
7558,9167,6204,96,37844,36893,1760,38280,55507,37,1,1
7559,11697,7931,101,32666,31607,1796,33139,54656,46,1,1
7560,18642,17779,110,40567,38718,1727,41251,79487,89,1,1
7561,10680,9510,96,35492,34297,1861,36028,58172,54,1,1
7562,16437,14573,94,48546,46953,1981,49129,82205,76,1,1
7563,17510,16004,95,66551,64792,3224,67213,104045,84,1,1
7564,41445,40997,109,76579,73024,26274,77571,186402,183,1,1
7565,16407,13836,106,60493,59002,15654,61081,107074,70,1,1
7566,16397,15718,107,38212,36506,1762,38829,72798,79,1,1
7567,8092,5038,99,33989,33087,1851,34407,49483,32,1,1
7568,11059,8587,99,34337,33229,1745,34814,56298,48,1,1
7569,7835,5659,94,40034,39136,1893,40508,55990,34,1,1
7570,10279,9249,104,47226,46063,1673,47741,69044,52,1,1
7571,18889,19233,98,49490,47513,3068,50158,91441,97,1,1
7572,41209,45663,97,73366,69434,25717,74402,187078,202,1,1
7573,19721,15973,107,67982,66294,13250,68621,117669,79,1,1
7574,13102,12093,111,47108,45643,1792,47737,74819,65,1,1
7575,9468,8483,102,35156,34034,1808,35659,55522,49,1,1
7576,14596,12339,104,41689,40216,2570,42248,71856,68,1,1
7577,18891,21420,97,43482,41325,4834,44178,89416,106,1,1
7578,11967,10915,98,44995,43719,2242,45513,70730,59,1,1
7579,17709,15717,99,45855,44172,1670,46460,81650,80,1,1
7580,40818,48718,98,71603,67562,15749,72673,178046,209,1,1
7581,16645,22443,160,62165,60567,9096,62832,111110,76,1,1
7582,12564,10282,105,30415,29150,1675,30949,55573,57,1,1
7583,8718,5161,95,29638,28854,1740,30053,45764,32,1,1
7584,10600,7970,98,39601,38540,1783,40101,60541,47,1,1
7585,17656,19916,98,43157,41148,3832,43825,85314,98,1,1
7586,9575,4832,96,40510,39749,1692,40926,57118,31,1,1
7587,10709,8066,96,40175,39118,1705,40707,61280,46,1,1
7588,36737,22753,99,76672,74541,1736,77411,138730,104,1,1
7589,15545,5997,115,57165,56345,1700,57621,80955,34,1,1
7590,4250,519,106,22324,22018,1862,22656,29381,4,1,1
7591,8475,7052,95,27354,26379,4705,27811,48143,42,1,1
7592,5004,968,90,46560,46078,1854,46893,54814,8,1,2
7593,21081,23825,95,36037,33667,2455,36759,84207,116,1,1
7594,7993,6512,97,34987,34076,1688,35429,51716,39,1,1
7595,4128,197,93,35426,35227,1675,35728,41810,1,1,1
7596,8193,7376,88,57920,56917,1703,58421,75787,44,1,1
7597,41169,47843,105,78991,74887,28545,80075,197728,209,1,1
7598,16753,14894,111,62229,60623,15572,62833,110137,76,1,1
7599,15774,14478,104,37289,35691,1727,37883,69949,74,1,1
7600,13960,6770,175,35051,34131,1724,35767,58342,35,1,1
7601,13792,10822,102,31003,29751,1766,31545,58010,57,1,1
7602,15503,15066,103,49393,47738,1951,50078,82694,78,1,1
7603,10526,8824,101,36036,34906,1810,36549,57804,51,1,1
7604,14411,13103,101,47820,46321,1780,48391,77777,70,1,1
7605,17678,18461,98,52979,50988,5102,53638,94972,95,1,1
7606,40974,42090,99,74510,70796,28392,75505,187047,189,1,1
7607,16763,12477,99,60192,58756,15389,60756,105478,67,1,1
7608,13194,12850,188,38908,37411,1768,39586,67492,68,1,1
7609,9918,4900,101,26904,26119,1743,27324,43981,31,1,1
7610,8507,7487,93,33923,32907,1773,34385,52239,44,1,1
7611,12095,9610,97,33999,32777,2837,34498,59134,54,1,1
7612,8881,6569,93,31610,30662,1836,32064,49445,40,1,1
7613,12628,10236,95,46755,45531,2153,47273,72385,56,1,1
7614,17076,16150,104,48444,46715,2921,49060,85302,83,1,1
7615,1948,333,92,54926,54678,971,55237,58574,3,1,1
7616,41413,59707,149,15577,11436,42801,16689,160701,213,1,1
7617,24997,27586,96,65826,63231,13100,66612,132385,131,1,1
7618,18147,14840,108,39439,37745,1744,40044,74877,77,1,1
7619,10916,8843,93,34301,33157,1772,34783,56401,49,1,1
7620,14108,14468,108,41665,40036,2542,42258,73463,77,1,1
7621,18295,19953,103,43942,41889,3852,44620,86808,101,1,1
7622,12630,9626,92,44778,43598,1929,45272,69548,54,1,1
7623,34327,21755,227,49936,47716,1807,50765,108754,104,1,1
7624,41489,39390,100,70842,67438,22016,71772,174756,170,1,1
7625,18284,13305,108,60123,58608,11111,60700,103487,69,1,1
7626,12087,9058,107,57158,55957,1743,57662,80665,51,1,1
7627,8158,1598,102,63409,62878,1898,63776,75529,11,1,2
7628,11743,8993,96,61758,60584,2949,62302,86082,51,1,1
7629,15196,13579,150,50293,48731,10896,50916,90686,69,1,1
7630,11214,8727,101,161572,160495,1933,162066,184042,48,1,1
7631,13394,13491,97,215801,214220,4391,216367,247746,71,1,1
7632,43324,41756,579,112461,106800,29512,114989,230127,181,1,1
7633,6022,303,126,28164,27965,1838,28530,36791,1,1,1
7634,17461,14431,108,44021,42021,15267,44623,91875,73,1,1
7635,33686,31200,103,46478,43336,4312,47322,116616,142,1,1
7636,8333,7650,96,36242,35119,1871,36712,54651,42,1,1
7637,4644,188,101,37331,37131,1832,37653,44404,1,1,1
7638,7786,7001,96,50130,49035,1923,50592,67388,42,1,1
7639,40819,43967,152,80552,76560,28678,81647,195219,195,1,1
7640,16776,15871,102,62170,60491,15524,62791,111053,80,1,1
7641,17417,19725,103,43675,41701,1856,44349,83438,95,1,1
7642,9807,9244,96,36728,35526,1952,37240,58332,53,1,1
7643,14152,13218,100,40240,38649,2621,40809,70885,71,1,1
7644,10059,8899,93,36794,35684,1844,37288,58175,50,1,1
7645,13957,12793,135,51222,49756,1715,51841,80393,68,1,1
7646,17872,17352,95,53165,51282,3921,53814,93044,92,1,1
7647,41052,42482,96,77797,74142,28264,78783,190666,187,1,1
7648,16424,14533,104,62251,60651,15556,62858,109457,76,1,1
7649,17270,14552,103,38437,36785,1803,39044,72752,77,1,1
7650,8524,5473,172,33741,32899,1896,34263,50250,34,1,1
7651,13989,11848,94,37434,35984,2254,37985,66167,64,1,1
7652,7711,5348,93,32289,31472,1800,32720,47665,33,1,1
7653,12465,11250,95,48294,46939,2802,48837,75444,63,1,1
7654,16832,16337,104,48461,46696,3546,49098,85897,85,1,1
7655,41701,34648,96,71015,67848,27269,71916,175617,161,1,1
7656,16671,13549,108,69060,67554,14706,69692,114723,70,1,1
7657,13842,10591,111,38971,37677,1808,39528,65859,58,1,1
7658,11838,10287,113,35276,34057,1846,35806,59870,56,1,1
7659,14141,13656,97,40072,38492,2675,40657,71217,74,1,1
7660,17931,19667,101,42546,40484,4392,43225,85302,100,1,1
7661,12238,9282,98,43337,42154,2067,43843,67521,53,1,1
7662,20967,27016,121,49678,47471,1812,50415,100314,109,1,1
7663,41532,55164,205,72682,69223,20823,73764,191397,177,1,1
7664,17840,14970,102,62301,60721,9989,62897,105787,74,1,1
7665,11117,9779,124,32614,31412,1949,33152,56100,53,1,1
7666,5992,3533,95,42470,41713,1967,42862,54449,22,1,2
7667,14999,14722,104,40307,38703,1531,40913,72254,76,1,1
7668,24725,26312,94,44826,42258,5937,45601,102661,128,1,1
7669,12304,8549,92,42628,41511,2123,43105,66166,49,1,1
7670,11756,8471,181,41457,40377,1724,42026,64063,48,1,1
7671,41745,35762,106,68151,65041,4402,69043,151038,157,1,1
7672,16592,11302,98,57772,56460,4126,58307,90413,60,1,1
7673,4193,401,104,23661,23395,1821,23983,30507,3,1,1
7674,4269,199,97,21213,21017,1934,21504,27988,1,1,1
7675,19073,21684,102,44619,42453,2494,45341,88677,107,1,1
7676,19181,28374,199,36201,34099,5860,37007,90514,102,1,1
7677,4569,584,95,25012,24716,1736,25330,32303,5,1,1
7678,4870,199,97,34740,34543,1705,35049,41906,1,1,1
7679,9027,7731,93,44822,43785,1664,45312,63827,46,1,1
7680,42090,29445,98,67825,65185,29637,68629,169888,133,1,1
7681,16250,13905,108,62626,61078,15704,63219,109163,73,1,1
7682,19185,19179,108,50179,48192,1881,50858,91200,96,1,1
7683,7760,5110,108,31668,30866,1759,32110,46830,33,1,1
7684,12778,10821,93,35969,34646,4120,36489,64301,60,1,1
7685,9388,7590,95,36440,35376,1997,36908,55974,47,1,1
7686,15583,15531,97,51144,49498,2816,51748,85770,79,1,1
7687,13656,13435,93,51305,49762,4852,51871,83907,73,1,1
7688,40578,46532,97,86041,82087,28613,87090,202905,204,1,1
7689,30562,12799,160,62125,60429,15404,62774,121637,67,1,1
7690,15080,13765,105,40368,38814,1883,40961,71781,73,1,1
7691,10561,8738,93,37819,36680,1869,38303,59565,51,1,1
7692,13333,12464,100,38342,36906,2469,38903,67262,67,1,1
7693,10394,8803,98,34839,33727,1818,35333,56440,50,1,1
7694,14275,13824,98,50242,48710,1843,50823,80858,72,1,1
7695,18229,16903,96,49681,47892,3159,50308,88690,87,1,1
7696,48908,39477,160,71890,68442,28295,72919,189695,176,1,1
7697,17268,14579,105,61432,59824,15055,62037,109028,76,1,1
7698,16937,16197,109,39281,37580,1815,39900,74942,81,1,1
7699,11458,10648,98,40123,38838,1813,40652,64664,59,1,1
7700,4597,200,91,23848,23614,1826,24147,30855,1,1,1
7701,14719,14765,98,36595,34983,1816,37180,68572,77,1,1
7702,10270,9465,97,38252,37056,1764,38760,60344,54,1,1
7703,15702,14046,180,46855,45301,1756,47543,79140,74,1,1
7704,16541,14732,92,45034,43393,3731,45631,80725,78,1,1
7705,41821,38883,97,70097,66744,23233,71032,175064,171,1,1
7706,17280,11650,105,61055,59725,12552,61605,103176,61,1,1
7707,10201,7350,105,33526,32527,1755,34000,53392,43,1,1
7708,9888,6490,104,26106,25188,1825,26559,44847,38,1,1
7709,22321,14760,190,56781,55045,2544,57484,97204,76,1,2
7710,16187,15987,97,39793,38034,1682,40410,74352,85,1,1
7711,11182,7605,100,40780,39777,2739,41248,62866,44,1,1
7712,13157,7670,91,41060,40017,1724,41528,64171,45,1,1
7713,41929,24506,100,64061,61875,6829,64771,138131,108,1,1
7714,18041,13127,208,61481,60080,4941,62143,98345,65,1,1
7715,9708,3339,199,27021,26409,1778,27523,42445,22,1,1
7716,4327,211,91,22857,22664,1790,23153,29565,1,1,1
7717,19336,18654,95,44844,42897,2042,45494,85611,92,1,1
7718,18175,19371,91,44831,42804,6275,45503,89410,99,1,1
7719,4652,198,87,34915,34715,2052,35202,42189,1,1,1
7720,4351,196,93,35979,35788,1745,36270,42643,1,1,1
7721,11660,1133,105,55424,55073,1531,55772,70189,8,1,1
7722,13764,11055,109,74793,73458,15445,75390,115749,61,1,1
7723,19237,20300,119,45210,43206,2130,45917,87680,97,1,1
7724,11265,10192,105,38713,37366,1715,39255,62519,56,1,1
7725,13166,12129,99,37709,36329,3232,38266,66885,64,1,1
7726,8910,6967,95,35417,34428,1799,35871,53639,43,1,1
7727,15939,13382,95,49463,47963,2543,50040,81997,71,1,1
7728,17036,17777,97,52820,50934,4881,53472,93259,92,1,1
7729,41106,59343,157,77150,73001,28579,78302,207424,214,1,1
7730,16693,15656,109,61036,59344,15468,61664,109575,81,1,1
7731,17575,14475,108,38050,36342,1819,38649,72608,77,1,1
7732,9481,7114,91,34014,33023,1914,34459,53052,42,1,1
7733,13212,12636,94,39200,37767,1889,39751,67582,67,1,1
7734,8257,7440,91,32270,31204,1805,32729,50323,42,1,1
7735,13940,13357,93,50897,49417,2151,51461,81001,70,1,1
7736,15592,15832,182,51055,49333,4115,51771,87403,83,1,1
7737,40531,48184,107,77127,73007,27411,78223,194437,213,1,1
7738,16950,8926,100,60472,59367,15173,60978,102119,49,1,1
7739,19945,9561,187,40314,39078,1883,40938,72423,55,1,1
7740,4934,215,99,24076,23873,1850,24382,31465,1,1,1
7741,12344,10375,106,37124,35690,1858,37666,62333,59,1,1
7742,17099,13111,194,36745,35242,2188,37432,69921,69,1,1
7743,8764,6673,92,36949,36004,1864,37387,54781,40,1,1
7744,5820,2675,95,43664,43120,4785,44030,57393,19,1,1
7745,18174,18071,98,47783,45913,3104,48493,87935,91,1,1
7746,41682,40317,107,71082,67493,23292,72040,177418,179,1,1
7747,17569,14996,104,62202,60592,12655,62810,108122,76,1,1
7748,16116,17449,140,39970,38121,1823,40662,76142,87,1,1
7749,9536,7331,100,33312,32322,1848,33770,52577,43,1,1
7750,14916,15042,101,42260,40557,2084,42870,75004,81,1,1
7751,21170,23450,96,44252,41965,4663,44976,94350,114,1,1
7752,11775,10476,92,43473,42243,1778,43986,68110,56,1,1
7753,17549,16573,92,44669,42910,1750,45284,81249,85,1,1
7754,41475,36294,105,68596,65385,12580,69531,159976,162,1,1
7755,16334,11417,194,61143,59819,6538,61791,96175,61,1,1
7756,9373,4904,170,28571,27834,2021,29055,45446,29,1,1
7757,6025,2602,94,27029,26462,1738,27400,37857,19,1,1
7758,14059,11914,101,32046,30695,3025,32596,61685,63,1,1
7759,10539,4564,97,27068,26353,1977,27468,44639,28,1,1
7760,9440,7708,98,28533,27481,2146,28997,48377,45,1,1
7761,4720,363,90,23998,23748,1752,24299,31220,3,1,1
7762,9299,4773,96,39063,38290,1972,39484,55623,31,1,1
7763,5206,609,92,35478,35191,1679,35797,43377,5,1,1
7764,12041,1973,134,56651,56179,1732,57059,72899,14,1,1
7765,6720,199,96,53827,53619,1896,54139,63039,1,1,1
7766,41554,40867,106,49288,45707,28626,50253,161389,178,1,1
7767,11955,7573,104,28503,27347,16558,28983,65153,42,1,1
7768,18148,15247,100,39878,37969,9871,40484,83849,80,1,1
7769,18525,19646,108,44662,42646,2443,45349,86054,98,1,1
7770,13450,25248,203,42282,40633,1902,43470,84175,72,1,1
7771,16748,14840,94,50439,48801,2600,51034,85315,77,1,1
7772,17541,18605,98,52662,50740,4524,53307,94066,94,1,1
7773,41044,45417,96,74852,70943,27829,75889,190274,201,1,1
7774,17289,13358,101,59706,58203,15497,60278,106512,69,1,1
7775,15016,21949,145,45092,43588,1748,45714,84521,70,1,1
7776,6707,3760,95,33141,32397,1735,33544,45838,25,1,1
7777,10476,5958,101,28644,27760,2092,29086,47704,37,1,1
7778,14246,10540,103,35660,34370,1858,36187,62925,59,1,1
7779,7850,5594,94,32727,31867,1900,33158,48594,36,1,1
7780,17472,16889,98,51802,50046,1702,52428,88582,85,1,1
7781,17854,18481,104,50768,48807,4550,51438,92417,96,1,1
7782,40594,46538,110,76757,72745,28527,77835,193588,207,1,1
7783,16814,14855,153,61967,60021,14879,62622,109264,75,1,1
7784,11701,11099,104,35870,34558,1897,36419,61208,60,1,1
7785,10340,8113,101,36289,35182,1761,36773,57079,48,1,1
7786,4190,198,91,23457,23251,1734,23754,29960,1,1,1
7787,11578,9744,97,35950,34724,1767,36468,59647,56,1,1
7788,9471,9062,97,34560,33424,1710,35054,55388,51,1,1
7789,13071,11713,103,46975,45582,1671,47527,74074,65,1,1
7790,16697,16545,100,48193,46436,3549,48813,85699,85,1,1
7791,41058,43281,185,73001,69273,25461,74097,183991,191,1,1
7792,17536,14507,99,62894,61248,14961,63483,110579,75,1,1
7793,15333,13878,106,37364,35827,1837,37941,69080,72,1,1
7794,6763,4495,100,31327,30595,1745,31734,44820,28,1,1
7795,20608,14575,122,41115,39476,2240,41736,79253,74,1,1
7796,17987,18827,170,44120,42180,2514,44833,84247,94,1,1
7797,10525,6949,165,44041,43112,1798,44578,63948,40,1,1
7798,16341,15412,102,44221,42614,1826,44827,78496,77,1,1
7799,40849,41834,111,69752,66242,13121,70737,166634,179,1,1
7800,14630,11990,100,60692,59340,8969,61237,96917,62,1,1
7801,9939,4785,104,26878,26118,1757,27297,43867,30,1,1
7802,7753,4042,99,24047,23335,1761,24519,38156,28,1,1
7803,14932,24456,169,45557,43905,2474,46224,88172,78,1,1
7804,17720,16975,98,45095,43330,9952,45716,90447,84,1,1
7805,9259,4688,96,38823,38075,1849,39232,55121,30,1,1
7806,5737,199,95,35070,34844,1734,35375,43129,1,1,1
7807,32845,13967,112,59984,58534,1686,60567,109158,68,1,1
7808,13703,1969,99,53748,53282,2422,54111,72298,14,1,1
7809,4367,199,192,24086,23869,1812,24489,30961,1,1,1
7810,15826,15041,101,32846,31284,1817,33438,66216,75,1,1
7811,8299,6355,92,38342,37336,1812,38788,55341,39,1,1
7812,8183,4814,92,33261,32353,1934,33680,48701,31,1,1
7813,10172,9243,93,38134,36970,1852,38625,59982,53,1,1
7814,15789,15730,134,55442,53782,2110,56089,89810,80,1,1
7815,16705,18030,88,54638,52755,4433,55291,94553,92,1,1
7816,41159,45809,111,77311,73371,28634,78351,194047,200,1,1
7817,17104,15438,152,63259,61594,15585,63927,112146,79,1,1
7818,12016,11383,103,40528,39195,1796,41074,66364,61,1,1
7819,10652,8636,101,36332,35211,1738,36834,57952,50,1,1
7820,12985,13453,102,40958,39457,2827,41528,70885,71,1,1
7821,11821,9670,98,36106,34903,1805,36613,59998,55,1,1
7822,16410,24348,130,53214,51494,2317,53874,97042,82,1,1
7823,18461,21310,92,67572,65397,3112,68300,111281,106,1,1
7824,40634,50364,108,78416,74191,28537,79542,199171,219,1,1
7825,15356,11796,197,60323,58958,15992,60978,104213,63,1,1
7826,16634,16614,108,39324,37551,1820,39946,75108,83,1,1
7827,7585,4877,100,35529,34761,1837,35945,50338,31,1,1
7828,11861,10361,94,35426,34192,1866,35927,60108,56,1,1
7829,9613,8088,95,42410,41335,1808,42940,62542,48,1,1
7830,10069,5928,96,44423,43562,1814,44870,62773,36,1,1
7831,18053,19297,98,48900,46945,3175,49574,90188,96,1,1
7832,40698,46069,94,74872,70951,26692,75906,189453,202,1,1
7833,16912,11402,103,60955,59662,14339,61495,104241,59,1,1
7834,12365,11396,99,37442,36107,1731,37982,63569,61,1,1
7835,18909,8535,175,35689,34574,1757,36267,65572,49,1,1
7836,14415,14303,102,43040,41474,2348,43623,74777,75,1,1
7837,19067,21711,95,44356,42195,3001,45044,88909,106,1,1
7838,16326,14034,97,46293,44724,2445,46877,79774,74,1,1
7839,18884,19080,104,46467,44543,2393,47122,87571,94,1,1
7840,41168,46930,99,73407,69536,14891,74444,177527,200,1,1
7841,17226,24742,149,63097,61296,9132,63765,114951,84,1,1
7842,13428,11974,97,29664,28295,1807,30209,57511,63,1,1
7843,6541,4772,100,30398,29655,1798,30816,44022,30,1,1
7844,12095,10585,95,40920,39651,1801,41461,66034,58,1,1
7845,16980,19517,96,43689,41700,3888,44354,84826,97,1,1
7846,6707,3311,90,39891,39308,1875,40260,52238,21,1,1
7847,11111,15744,116,41768,40745,1862,42270,71083,44,1,1
7848,1756,337,97,55670,55421,1081,55988,59249,3,1,1
7849,42559,22989,194,63557,61271,2772,64371,132790,106,1,2
7850,4122,296,96,23752,23507,1855,24075,30431,2,1,1
7851,9720,8924,97,30416,29273,3696,30917,53344,51,1,1
7852,6099,1300,92,47390,46807,1789,47722,57004,10,1,2
7853,20212,22441,93,37567,35238,3522,38283,84548,112,1,1
7854,8464,6077,154,34614,33729,1685,35114,51434,37,1,1
7855,3845,198,87,35489,35294,2291,35784,42210,1,1,1
7856,9371,8921,93,60179,59067,1838,60729,80951,50,1,1
7857,41513,46717,148,78902,74954,28306,80010,196837,204,1,1
7858,11566,6957,110,57893,56938,16675,58363,93652,41,1,1
7859,20110,20501,118,41604,39541,1811,42299,84818,98,1,1
7860,8862,7029,100,34452,33498,1799,34912,52696,40,1,1
7861,12478,10923,101,36354,35031,2477,36898,62868,61,1,1
7862,11195,8935,93,47621,46491,1867,48178,70269,51,1,1
7863,15141,13333,175,50368,48875,1814,51021,81407,70,1,1
7864,15770,17029,102,52166,50339,4091,52804,89785,89,1,1
7865,41214,39792,96,75386,71885,28684,76339,186125,178,1,1
7866,17368,13350,100,59774,58274,15434,60351,106596,70,1,1
7867,12889,9681,103,38436,37234,2266,38956,63880,54,1,1
7868,9903,4240,169,27244,26533,1710,27741,43690,28,1,1
7869,10191,10229,96,35984,34647,1732,36499,58736,57,1,1
7870,11310,7853,97,34900,33856,2845,35378,57478,46,1,1
7871,6604,3677,92,32595,31941,1862,32994,45222,25,1,1
7872,17442,17195,96,51032,49242,2086,51656,88470,87,1,1
7873,18372,19052,96,49807,47823,2740,50475,90743,97,1,1
7874,40744,46484,133,75589,71923,25622,76625,189570,186,1,1
7875,17044,14985,206,63469,61849,15680,64171,111978,77,1,1
7876,15104,15812,110,40891,39239,1869,41516,74389,79,1,1
7877,12347,9985,95,34644,33451,1805,35143,59363,54,1,1
7878,12481,11387,155,39374,38021,2862,39965,66778,63,1,1
7879,19273,21147,94,44661,42503,2976,45356,88837,106,1,1
7880,15724,12051,142,47564,46317,2055,48134,78064,56,1,1
7881,18638,17173,94,47723,45939,2478,48346,86728,86,1,1
7882,40832,41930,188,72667,69121,21075,73745,177675,182,1,1
7883,17391,12008,100,60797,59393,10990,61356,101837,64,1,1
7884,11583,9353,108,57229,56079,1773,57722,80537,50,1,1
7885,8479,3776,94,66279,65520,1943,66664,80956,23,1,2
7886,15303,13464,102,62430,60955,1790,63001,93661,69,1,1
7887,18803,19235,105,81596,79550,5931,82306,126380,97,1,1
7888,12995,7812,110,162190,161167,1800,162677,185378,43,1,1
7889,12491,8524,99,162425,161352,1699,162906,185723,47,1,1
