run_order_idx,timestamp_iso8601,config,bench,size,rep_in_cell,wall_s,srcversion,dmesg_delta,mem_avail_before_kb,mem_avail_after_kb,hit_rate,enqueues,hits
1,2026-08-13T11:51:36Z,p0_prefetchON,bench_cufft,67108864,warmup_1,0.36,9E98EF08CBA769C50A24937,0,61079748,60887552,0.00000,0,0
2,2026-08-13T11:51:37Z,p2_prefetchON,bench_cufft,67108864,warmup_1,0.31,9E98EF08CBA769C50A24937,0,60859092,60634804,0.14455,7105,1027
3,2026-08-13T11:51:38Z,p0_prefetchON,bench_cufft,67108864,warmup_2,0.29,9E98EF08CBA769C50A24937,0,60695884,60431668,0.00000,0,0
4,2026-08-13T11:51:38Z,p2_prefetchON,bench_cufft,67108864,warmup_2,0.30,9E98EF08CBA769C50A24937,0,60424628,60157212,0.14087,6964,981
5,2026-08-13T11:51:39Z,p0_prefetchON,bench_cufft,67108864,kept_3,0.29,9E98EF08CBA769C50A24937,0,60150368,59891508,0.00000,0,0
6,2026-08-13T11:51:40Z,p2_prefetchON,bench_cufft,67108864,kept_3,0.30,9E98EF08CBA769C50A24937,0,59865776,59632312,0.13752,6901,949
7,2026-08-13T11:51:41Z,p0_prefetchON,bench_cufft,67108864,kept_4,0.30,9E98EF08CBA769C50A24937,0,59602204,59347284,0.00000,0,0
8,2026-08-13T11:51:42Z,p2_prefetchON,bench_cufft,67108864,kept_4,0.30,9E98EF08CBA769C50A24937,0,59354432,59114484,0.14431,7096,1024
9,2026-08-13T11:51:43Z,p0_prefetchON,bench_cufft,67108864,kept_5,0.30,9E98EF08CBA769C50A24937,0,59081728,58868424,0.00000,0,0
10,2026-08-13T11:51:44Z,p2_prefetchON,bench_cufft,67108864,kept_5,0.29,9E98EF08CBA769C50A24937,0,58853624,58620896,0.14149,6601,934
11,2026-08-13T11:51:44Z,p0_prefetchON,bench_cufft,67108864,kept_6,0.29,9E98EF08CBA769C50A24937,0,58594984,58361804,0.00000,0,0
12,2026-08-13T11:51:45Z,p2_prefetchON,bench_cufft,67108864,kept_6,0.29,9E98EF08CBA769C50A24937,0,58326980,58129648,0.13832,6991,967
13,2026-08-13T11:51:46Z,p0_prefetchON,bench_cufft,67108864,kept_7,0.29,9E98EF08CBA769C50A24937,0,58123148,57910628,0.00000,0,0
14,2026-08-13T11:51:47Z,p2_prefetchON,bench_cufft,67108864,kept_7,0.29,9E98EF08CBA769C50A24937,0,57884980,57636604,0.13588,6984,949
15,2026-08-13T11:51:48Z,p0_prefetchON,bench_cufft,67108864,kept_8,0.29,9E98EF08CBA769C50A24937,0,57602648,57353896,0.00000,0,0
16,2026-08-13T11:51:49Z,p2_prefetchON,bench_cufft,67108864,kept_8,0.32,9E98EF08CBA769C50A24937,0,57330604,57096416,0.13330,6909,921
17,2026-08-13T11:51:49Z,p0_prefetchON,bench_cufft,67108864,kept_9,0.29,9E98EF08CBA769C50A24937,0,57095976,56846612,0.00000,0,0
18,2026-08-13T11:51:50Z,p2_prefetchON,bench_cufft,67108864,kept_9,0.31,9E98EF08CBA769C50A24937,0,56856348,56608516,0.13721,6800,933
19,2026-08-13T11:51:51Z,p0_prefetchON,bench_cufft,67108864,kept_10,0.30,9E98EF08CBA769C50A24937,0,56589012,56361860,0.00000,0,0
20,2026-08-13T11:51:52Z,p2_prefetchON,bench_cufft,67108864,kept_10,0.29,9E98EF08CBA769C50A24937,0,56346184,56108112,0.13467,6854,923
21,2026-08-13T11:51:53Z,p0_prefetchON,bench_cufft,67108864,kept_11,0.30,9E98EF08CBA769C50A24937,0,56116320,55863744,0.00000,0,0
22,2026-08-13T11:51:54Z,p2_prefetchON,bench_cufft,67108864,kept_11,0.30,9E98EF08CBA769C50A24937,0,55875800,55613236,0.14580,6893,1005
23,2026-08-13T11:51:55Z,p0_prefetchON,bench_cufft,67108864,kept_12,0.30,9E98EF08CBA769C50A24937,0,55613676,55313940,0.00000,0,0
24,2026-08-13T11:51:55Z,p2_prefetchON,bench_cufft,67108864,kept_12,0.32,9E98EF08CBA769C50A24937,0,55309952,55050152,0.13338,6590,879
25,2026-08-13T11:51:56Z,p0_prefetchON,bench_cufft,67108864,kept_13,0.29,9E98EF08CBA769C50A24937,0,55097268,54729188,0.00000,0,0
26,2026-08-13T11:51:57Z,p2_prefetchON,bench_cufft,67108864,kept_13,0.30,9E98EF08CBA769C50A24937,0,54864744,54648080,0.14670,6578,965
27,2026-08-13T11:51:58Z,p0_prefetchON,bench_cufft,67108864,kept_14,0.31,9E98EF08CBA769C50A24937,0,54638832,54343224,0.00000,0,0
28,2026-08-13T11:51:59Z,p2_prefetchON,bench_cufft,67108864,kept_14,0.30,9E98EF08CBA769C50A24937,0,54286400,53969560,0.13751,6712,923
29,2026-08-13T11:52:00Z,p0_prefetchON,bench_cufft,67108864,kept_15,0.31,9E98EF08CBA769C50A24937,0,53966272,53765244,0.00000,0,0
30,2026-08-13T11:52:01Z,p2_prefetchON,bench_cufft,67108864,kept_15,0.31,9E98EF08CBA769C50A24937,0,53772824,53481956,0.14292,7018,1003
31,2026-08-13T11:52:01Z,p0_prefetchON,bench_cufft,67108864,kept_16,0.30,9E98EF08CBA769C50A24937,0,53484864,53290228,0.00000,0,0
32,2026-08-13T11:52:02Z,p2_prefetchON,bench_cufft,67108864,kept_16,0.31,9E98EF08CBA769C50A24937,0,53274964,53043484,0.13656,7096,969
33,2026-08-13T11:52:03Z,p0_prefetchON,bench_cufft,67108864,kept_17,0.31,9E98EF08CBA769C50A24937,0,53018004,52786432,0.00000,0,0
34,2026-08-13T11:52:04Z,p2_prefetchON,bench_cufft,67108864,kept_17,0.31,9E98EF08CBA769C50A24937,0,52787616,52549096,0.12403,6990,867
35,2026-08-13T11:52:05Z,C0,bench_cufft,67108864,warmup_1,0.30,9E98EF08CBA769C50A24937,0,52575572,52335908,0.00000,0,0
36,2026-08-13T11:52:06Z,C1,bench_cufft,67108864,warmup_1,0.89,9E98EF08CBA769C50A24937,0,52301076,52050280,0.00000,0,0
37,2026-08-13T11:52:07Z,C0,bench_cufft,67108864,warmup_2,0.28,9E98EF08CBA769C50A24937,0,52038596,51828136,0.00000,0,0
38,2026-08-13T11:52:08Z,C1,bench_cufft,67108864,warmup_2,0.87,9E98EF08CBA769C50A24937,0,51835140,51575080,0.00000,0,0
39,2026-08-13T11:52:09Z,C0,bench_cufft,67108864,kept_3,0.28,9E98EF08CBA769C50A24937,0,51585456,51322228,0.00000,0,0
40,2026-08-13T11:52:10Z,C1,bench_cufft,67108864,kept_3,0.88,9E98EF08CBA769C50A24937,0,51314136,51073120,0.00000,0,0
41,2026-08-13T11:52:12Z,C0,bench_cufft,67108864,kept_4,0.29,9E98EF08CBA769C50A24937,0,51077260,50825052,0.00000,0,0
42,2026-08-13T11:52:12Z,C1,bench_cufft,67108864,kept_4,0.89,9E98EF08CBA769C50A24937,0,50797708,50531200,0.00000,0,0
43,2026-08-13T11:52:14Z,C0,bench_cufft,67108864,kept_5,0.29,9E98EF08CBA769C50A24937,0,50509900,50278188,0.00000,0,0
44,2026-08-13T11:52:15Z,C1,bench_cufft,67108864,kept_5,0.89,9E98EF08CBA769C50A24937,0,50268096,50061052,0.00000,0,0
45,2026-08-13T11:52:16Z,C0,bench_cufft,67108864,kept_6,0.27,9E98EF08CBA769C50A24937,0,50084260,49813708,0.00000,0,0
46,2026-08-13T11:52:17Z,C1,bench_cufft,67108864,kept_6,0.90,9E98EF08CBA769C50A24937,0,49779840,49541264,0.00000,0,0
47,2026-08-13T11:52:18Z,C0,bench_cufft,67108864,kept_7,0.26,9E98EF08CBA769C50A24937,0,49537460,49313004,0.00000,0,0
48,2026-08-13T11:52:19Z,C1,bench_cufft,67108864,kept_7,0.86,9E98EF08CBA769C50A24937,0,49307572,49045648,0.00000,0,0
49,2026-08-13T11:52:21Z,C0,bench_cufft,67108864,kept_8,0.29,9E98EF08CBA769C50A24937,0,49039384,48798260,0.00000,0,0
50,2026-08-13T11:52:21Z,C1,bench_cufft,67108864,kept_8,0.88,9E98EF08CBA769C50A24937,0,48819744,48510560,0.00000,0,0
51,2026-08-13T11:52:23Z,C0,bench_cufft,67108864,kept_9,0.28,9E98EF08CBA769C50A24937,0,48566264,48193636,0.00000,0,0
52,2026-08-13T11:52:24Z,C1,bench_cufft,67108864,kept_9,0.86,9E98EF08CBA769C50A24937,0,48187320,48062232,0.00000,0,0
53,2026-08-13T11:52:25Z,C0,bench_cufft,67108864,kept_10,0.28,9E98EF08CBA769C50A24937,0,48061520,47685580,0.00000,0,0
54,2026-08-13T11:52:26Z,C1,bench_cufft,67108864,kept_10,0.89,9E98EF08CBA769C50A24937,0,47754644,47499556,0.00000,0,0
55,2026-08-13T11:52:27Z,C0,bench_cufft,67108864,kept_11,0.28,9E98EF08CBA769C50A24937,0,47500676,47250620,0.00000,0,0
56,2026-08-13T11:52:28Z,C1,bench_cufft,67108864,kept_11,0.89,9E98EF08CBA769C50A24937,0,47210452,46965100,0.00000,0,0
57,2026-08-13T11:52:30Z,C0,bench_cufft,67108864,kept_12,0.28,9E98EF08CBA769C50A24937,0,46959008,46701596,0.00000,0,0
58,2026-08-13T11:52:30Z,C1,bench_cufft,67108864,kept_12,0.87,9E98EF08CBA769C50A24937,0,46700812,46459512,0.00000,0,0
59,2026-08-13T11:52:32Z,C0,bench_cufft,67108864,kept_13,0.27,9E98EF08CBA769C50A24937,0,46434612,46178552,0.00000,0,0
60,2026-08-13T11:52:33Z,C1,bench_cufft,67108864,kept_13,0.90,9E98EF08CBA769C50A24937,0,46255160,45952492,0.00000,0,0
61,2026-08-13T11:52:34Z,C0,bench_cufft,67108864,kept_14,0.29,9E98EF08CBA769C50A24937,0,45987104,45790844,0.00000,0,0
62,2026-08-13T11:52:35Z,C1,bench_cufft,67108864,kept_14,0.90,9E98EF08CBA769C50A24937,0,45724560,45476528,0.00000,0,0
63,2026-08-13T11:52:36Z,C0,bench_cufft,67108864,kept_15,0.28,9E98EF08CBA769C50A24937,0,45483364,45282356,0.00000,0,0
64,2026-08-13T11:52:37Z,C1,bench_cufft,67108864,kept_15,0.89,9E98EF08CBA769C50A24937,0,45274356,45026332,0.00000,0,0
65,2026-08-13T11:52:39Z,C0,bench_cufft,67108864,kept_16,0.27,9E98EF08CBA769C50A24937,0,45021296,44765200,0.00000,0,0
66,2026-08-13T11:52:39Z,C1,bench_cufft,67108864,kept_16,0.90,9E98EF08CBA769C50A24937,0,44754056,44519392,0.00000,0,0
67,2026-08-13T11:52:41Z,C0,bench_cufft,67108864,kept_17,0.28,9E98EF08CBA769C50A24937,0,44520972,44265108,0.00000,0,0
68,2026-08-13T11:52:42Z,C1,bench_cufft,67108864,kept_17,0.88,9E98EF08CBA769C50A24937,0,44256560,44019432,0.00000,0,0
69,2026-08-13T11:52:43Z,p0_prefetchON,bench_cufft,134217728,warmup_1,0.38,9E98EF08CBA769C50A24937,0,44013256,43714340,0.00000,0,0
70,2026-08-13T11:52:44Z,p2_prefetchON,bench_cufft,134217728,warmup_1,0.38,9E98EF08CBA769C50A24937,0,43762476,43485640,0.02157,14699,317
71,2026-08-13T11:52:45Z,p0_prefetchON,bench_cufft,134217728,warmup_2,0.38,9E98EF08CBA769C50A24937,0,43419756,43171272,0.00000,0,0
72,2026-08-13T11:52:46Z,p2_prefetchON,bench_cufft,134217728,warmup_2,0.38,9E98EF08CBA769C50A24937,0,43161304,42944256,0.03127,15222,476
73,2026-08-13T11:52:47Z,p0_prefetchON,bench_cufft,134217728,kept_3,0.37,9E98EF08CBA769C50A24937,0,42972900,42700600,0.00000,0,0
74,2026-08-13T11:52:48Z,p2_prefetchON,bench_cufft,134217728,kept_3,0.40,9E98EF08CBA769C50A24937,0,42693260,42440120,0.02774,14962,415
75,2026-08-13T11:52:49Z,p0_prefetchON,bench_cufft,134217728,kept_4,0.37,9E98EF08CBA769C50A24937,0,42440316,42190200,0.00000,0,0
76,2026-08-13T11:52:49Z,p2_prefetchON,bench_cufft,134217728,kept_4,0.39,9E98EF08CBA769C50A24937,0,42155044,41944068,0.02813,15357,432
77,2026-08-13T11:52:50Z,p0_prefetchON,bench_cufft,134217728,kept_5,0.37,9E98EF08CBA769C50A24937,0,41932892,41720664,0.00000,0,0
78,2026-08-13T11:52:51Z,p2_prefetchON,bench_cufft,134217728,kept_5,0.40,9E98EF08CBA769C50A24937,0,41720528,41455000,0.02743,15710,431
79,2026-08-13T11:52:52Z,p0_prefetchON,bench_cufft,134217728,kept_6,0.39,9E98EF08CBA769C50A24937,0,41462504,41217496,0.00000,0,0
80,2026-08-13T11:52:53Z,p2_prefetchON,bench_cufft,134217728,kept_6,0.38,9E98EF08CBA769C50A24937,0,41167396,40909152,0.02957,15285,452
81,2026-08-13T11:52:54Z,p0_prefetchON,bench_cufft,134217728,kept_7,0.38,9E98EF08CBA769C50A24937,0,40931744,40712104,0.00000,0,0
82,2026-08-13T11:52:55Z,p2_prefetchON,bench_cufft,134217728,kept_7,0.38,9E98EF08CBA769C50A24937,0,40663924,40406360,0.02991,15014,449
83,2026-08-13T11:52:56Z,p0_prefetchON,bench_cufft,134217728,kept_8,0.38,9E98EF08CBA769C50A24937,0,40454372,40210836,0.00000,0,0
84,2026-08-13T11:52:57Z,p2_prefetchON,bench_cufft,134217728,kept_8,0.38,9E98EF08CBA769C50A24937,0,40173704,39963068,0.02872,14796,425
85,2026-08-13T11:52:58Z,p0_prefetchON,bench_cufft,134217728,kept_9,0.38,9E98EF08CBA769C50A24937,0,39943992,39677556,0.00000,0,0
86,2026-08-13T11:52:59Z,p2_prefetchON,bench_cufft,134217728,kept_9,0.38,9E98EF08CBA769C50A24937,0,39670056,39438180,0.02937,16344,480
87,2026-08-13T11:53:00Z,p0_prefetchON,bench_cufft,134217728,kept_10,0.37,9E98EF08CBA769C50A24937,0,39430756,39176172,0.00000,0,0
88,2026-08-13T11:53:01Z,p2_prefetchON,bench_cufft,134217728,kept_10,0.38,9E98EF08CBA769C50A24937,0,39139212,38921080,0.02812,15646,440
89,2026-08-13T11:53:01Z,p0_prefetchON,bench_cufft,134217728,kept_11,0.37,9E98EF08CBA769C50A24937,0,38915804,38665512,0.00000,0,0
90,2026-08-13T11:53:02Z,p2_prefetchON,bench_cufft,134217728,kept_11,0.37,9E98EF08CBA769C50A24937,0,38663108,38387440,0.02728,15396,420
91,2026-08-13T11:53:03Z,p0_prefetchON,bench_cufft,134217728,kept_12,0.38,9E98EF08CBA769C50A24937,0,38383488,38107296,0.00000,0,0
92,2026-08-13T11:53:04Z,p2_prefetchON,bench_cufft,134217728,kept_12,0.37,9E98EF08CBA769C50A24937,0,38062072,37895880,0.02934,15237,447
93,2026-08-13T11:53:05Z,p0_prefetchON,bench_cufft,134217728,kept_13,0.38,9E98EF08CBA769C50A24937,0,37902688,37658252,0.00000,0,0
94,2026-08-13T11:53:06Z,p2_prefetchON,bench_cufft,134217728,kept_13,0.38,9E98EF08CBA769C50A24937,0,37661796,37391792,0.02943,14950,440
95,2026-08-13T11:53:07Z,p0_prefetchON,bench_cufft,134217728,kept_14,0.38,9E98EF08CBA769C50A24937,0,37404996,37149748,0.00000,0,0
96,2026-08-13T11:53:08Z,p2_prefetchON,bench_cufft,134217728,kept_14,0.37,9E98EF08CBA769C50A24937,0,37136836,36887648,0.03153,14717,464
97,2026-08-13T11:53:09Z,p0_prefetchON,bench_cufft,134217728,kept_15,0.38,9E98EF08CBA769C50A24937,0,36882188,36611416,0.00000,0,0
98,2026-08-13T11:53:10Z,p2_prefetchON,bench_cufft,134217728,kept_15,0.38,9E98EF08CBA769C50A24937,0,36633056,36393184,0.02729,15461,422
99,2026-08-13T11:53:11Z,p0_prefetchON,bench_cufft,134217728,kept_16,0.36,9E98EF08CBA769C50A24937,0,36370344,36120296,0.00000,0,0
100,2026-08-13T11:53:11Z,p2_prefetchON,bench_cufft,134217728,kept_16,0.37,9E98EF08CBA769C50A24937,0,36093196,35871776,0.03117,15365,479
101,2026-08-13T11:53:12Z,p0_prefetchON,bench_cufft,134217728,kept_17,0.37,9E98EF08CBA769C50A24937,0,35859944,35613892,0.00000,0,0
102,2026-08-13T11:53:13Z,p2_prefetchON,bench_cufft,134217728,kept_17,0.39,9E98EF08CBA769C50A24937,0,35628632,35371988,0.03301,14995,495
103,2026-08-13T11:53:14Z,C0,bench_cufft,134217728,warmup_1,0.37,9E98EF08CBA769C50A24937,0,35371920,35096448,0.00000,0,0
104,2026-08-13T11:53:15Z,C1,bench_cufft,134217728,warmup_1,1.67,9E98EF08CBA769C50A24937,0,35062728,34825844,0.00000,0,0
105,2026-08-13T11:53:17Z,C0,bench_cufft,134217728,warmup_2,0.36,9E98EF08CBA769C50A24937,0,34832780,34581232,0.00000,0,0
106,2026-08-13T11:53:18Z,C1,bench_cufft,134217728,warmup_2,1.64,9E98EF08CBA769C50A24937,0,34587380,34325368,0.00000,0,0
107,2026-08-13T11:53:20Z,C0,bench_cufft,134217728,kept_3,0.34,9E98EF08CBA769C50A24937,0,34324376,34077028,0.00000,0,0
108,2026-08-13T11:53:21Z,C1,bench_cufft,134217728,kept_3,1.63,9E98EF08CBA769C50A24937,0,34076892,33806276,0.00000,0,0
109,2026-08-13T11:53:23Z,C0,bench_cufft,134217728,kept_4,0.37,9E98EF08CBA769C50A24937,0,33774844,33578220,0.00000,0,0
110,2026-08-13T11:53:24Z,C1,bench_cufft,134217728,kept_4,1.64,9E98EF08CBA769C50A24937,0,33581956,33331040,0.00000,0,0
111,2026-08-13T11:53:27Z,C0,bench_cufft,134217728,kept_5,0.37,9E98EF08CBA769C50A24937,0,33325988,33054940,0.00000,0,0
112,2026-08-13T11:53:27Z,C1,bench_cufft,134217728,kept_5,1.64,9E98EF08CBA769C50A24937,0,33045532,32820044,0.00000,0,0
113,2026-08-13T11:53:30Z,C0,bench_cufft,134217728,kept_6,0.37,9E98EF08CBA769C50A24937,0,32817076,32562384,0.00000,0,0
114,2026-08-13T11:53:31Z,C1,bench_cufft,134217728,kept_6,1.64,9E98EF08CBA769C50A24937,0,32547364,32274988,0.00000,0,0
115,2026-08-13T11:53:33Z,C0,bench_cufft,134217728,kept_7,0.36,9E98EF08CBA769C50A24937,0,32256776,32011668,0.00000,0,0
116,2026-08-13T11:53:34Z,C1,bench_cufft,134217728,kept_7,1.63,9E98EF08CBA769C50A24937,0,32016660,31807696,0.00000,0,0
117,2026-08-13T11:53:36Z,C0,bench_cufft,134217728,kept_8,0.36,9E98EF08CBA769C50A24937,0,31812412,31593760,0.00000,0,0
118,2026-08-13T11:53:37Z,C1,bench_cufft,134217728,kept_8,1.62,9E98EF08CBA769C50A24937,0,31594680,31330408,0.00000,0,0
119,2026-08-13T11:53:39Z,C0,bench_cufft,134217728,kept_9,0.36,9E98EF08CBA769C50A24937,0,31319864,31074264,0.00000,0,0
120,2026-08-13T11:53:40Z,C1,bench_cufft,134217728,kept_9,1.64,9E98EF08CBA769C50A24937,0,31077620,30812564,0.00000,0,0
121,2026-08-13T11:53:42Z,C0,bench_cufft,134217728,kept_10,0.34,9E98EF08CBA769C50A24937,0,30783272,30543024,0.00000,0,0
122,2026-08-13T11:53:43Z,C1,bench_cufft,134217728,kept_10,1.64,9E98EF08CBA769C50A24937,0,30503952,30284928,0.00000,0,0
123,2026-08-13T11:53:45Z,C0,bench_cufft,134217728,kept_11,0.36,9E98EF08CBA769C50A24937,0,30295036,30045760,0.00000,0,0
124,2026-08-13T11:53:46Z,C1,bench_cufft,134217728,kept_11,1.62,9E98EF08CBA769C50A24937,0,30045592,29807080,0.00000,0,0
125,2026-08-13T11:53:48Z,C0,bench_cufft,134217728,kept_12,0.37,9E98EF08CBA769C50A24937,0,29800324,29544948,0.00000,0,0
126,2026-08-13T11:53:49Z,C1,bench_cufft,134217728,kept_12,1.63,9E98EF08CBA769C50A24937,0,29546820,29292124,0.00000,0,0
127,2026-08-13T11:53:51Z,C0,bench_cufft,134217728,kept_13,0.36,9E98EF08CBA769C50A24937,0,29292420,29030332,0.00000,0,0
128,2026-08-13T11:53:52Z,C1,bench_cufft,134217728,kept_13,1.63,9E98EF08CBA769C50A24937,0,29025068,28802416,0.00000,0,0
129,2026-08-13T11:53:54Z,C0,bench_cufft,134217728,kept_14,0.38,9E98EF08CBA769C50A24937,0,28790928,28532436,0.00000,0,0
130,2026-08-13T11:53:55Z,C1,bench_cufft,134217728,kept_14,1.63,9E98EF08CBA769C50A24937,0,28504864,28261140,0.00000,0,0
131,2026-08-13T11:53:57Z,C0,bench_cufft,134217728,kept_15,0.35,9E98EF08CBA769C50A24937,0,28244184,28006852,0.00000,0,0
132,2026-08-13T11:53:58Z,C1,bench_cufft,134217728,kept_15,1.64,9E98EF08CBA769C50A24937,0,27974692,27738832,0.00000,0,0
133,2026-08-13T11:54:00Z,C0,bench_cufft,134217728,kept_16,0.36,9E98EF08CBA769C50A24937,0,27742252,27509840,0.00000,0,0
134,2026-08-13T11:54:01Z,C1,bench_cufft,134217728,kept_16,1.64,9E98EF08CBA769C50A24937,0,27504200,27248716,0.00000,0,0
135,2026-08-13T11:54:03Z,C0,bench_cufft,134217728,kept_17,0.37,9E98EF08CBA769C50A24937,0,27248200,27006360,0.00000,0,0
136,2026-08-13T11:54:04Z,C1,bench_cufft,134217728,kept_17,1.63,9E98EF08CBA769C50A24937,0,27015632,26753736,0.00000,0,0
137,2026-08-13T11:54:06Z,p0_prefetchON,bench_cufft,268435456,warmup_1,0.52,9E98EF08CBA769C50A24937,0,26748796,26507424,0.00000,0,0
138,2026-08-13T11:54:07Z,p2_prefetchON,bench_cufft,268435456,warmup_1,0.54,9E98EF08CBA769C50A24937,0,26486872,26138020,0.02020,28763,581
139,2026-08-13T11:54:08Z,p0_prefetchON,bench_cufft,268435456,warmup_2,0.53,9E98EF08CBA769C50A24937,0,26127792,26002120,0.00000,0,0
140,2026-08-13T11:54:09Z,p2_prefetchON,bench_cufft,268435456,warmup_2,0.54,9E98EF08CBA769C50A24937,0,25952660,25697484,0.01943,30779,598
141,2026-08-13T11:54:10Z,p0_prefetchON,bench_cufft,268435456,kept_3,0.53,9E98EF08CBA769C50A24937,0,25666160,25447000,0.00000,0,0
142,2026-08-13T11:54:12Z,p2_prefetchON,bench_cufft,268435456,kept_3,0.52,9E98EF08CBA769C50A24937,0,25450912,25212884,0.02221,28002,622
143,2026-08-13T11:54:13Z,p0_prefetchON,bench_cufft,268435456,kept_4,0.54,9E98EF08CBA769C50A24937,0,25200764,24948812,0.00000,0,0
144,2026-08-13T11:54:14Z,p2_prefetchON,bench_cufft,268435456,kept_4,0.53,9E98EF08CBA769C50A24937,0,24943856,24695096,0.01995,30631,611
145,2026-08-13T11:54:15Z,p0_prefetchON,bench_cufft,268435456,kept_5,0.52,9E98EF08CBA769C50A24937,0,24685832,24417524,0.00000,0,0
146,2026-08-13T11:54:16Z,p2_prefetchON,bench_cufft,268435456,kept_5,0.53,9E98EF08CBA769C50A24937,0,24403880,24148500,0.01775,28901,513
147,2026-08-13T11:54:17Z,p0_prefetchON,bench_cufft,268435456,kept_6,0.56,9E98EF08CBA769C50A24937,0,24158248,23919800,0.00000,0,0
148,2026-08-13T11:54:18Z,p2_prefetchON,bench_cufft,268435456,kept_6,0.52,9E98EF08CBA769C50A24937,0,23927056,23687272,0.01667,30592,510
149,2026-08-13T11:54:19Z,p0_prefetchON,bench_cufft,268435456,kept_7,0.53,9E98EF08CBA769C50A24937,0,23709672,23454532,0.00000,0,0
150,2026-08-13T11:54:20Z,p2_prefetchON,bench_cufft,268435456,kept_7,0.52,9E98EF08CBA769C50A24937,0,23435100,23185908,0.01713,30013,514
151,2026-08-13T11:54:21Z,p0_prefetchON,bench_cufft,268435456,kept_8,0.53,9E98EF08CBA769C50A24937,0,23182172,22915448,0.00000,0,0
152,2026-08-13T11:54:22Z,p2_prefetchON,bench_cufft,268435456,kept_8,0.52,9E98EF08CBA769C50A24937,0,22914496,22646740,0.01748,29691,519
153,2026-08-13T11:54:23Z,p0_prefetchON,bench_cufft,268435456,kept_9,0.52,9E98EF08CBA769C50A24937,0,22676480,22439688,0.00000,0,0
154,2026-08-13T11:54:24Z,p2_prefetchON,bench_cufft,268435456,kept_9,0.53,9E98EF08CBA769C50A24937,0,22441580,22194628,0.01647,30295,499
155,2026-08-13T11:54:25Z,p0_prefetchON,bench_cufft,268435456,kept_10,0.52,9E98EF08CBA769C50A24937,0,22189372,21900844,0.00000,0,0
156,2026-08-13T11:54:26Z,p2_prefetchON,bench_cufft,268435456,kept_10,0.54,9E98EF08CBA769C50A24937,0,21911312,21653800,0.01714,29290,502
157,2026-08-13T11:54:27Z,p0_prefetchON,bench_cufft,268435456,kept_11,0.53,9E98EF08CBA769C50A24937,0,21582516,21336488,0.00000,0,0
158,2026-08-13T11:54:28Z,p2_prefetchON,bench_cufft,268435456,kept_11,0.53,9E98EF08CBA769C50A24937,0,21328292,21079420,0.01590,29560,470
159,2026-08-13T11:54:30Z,p0_prefetchON,bench_cufft,268435456,kept_12,0.53,9E98EF08CBA769C50A24937,0,21032588,20707072,0.00000,0,0
160,2026-08-13T11:54:31Z,p2_prefetchON,bench_cufft,268435456,kept_12,0.55,9E98EF08CBA769C50A24937,0,20729016,20569484,0.01747,29258,511
161,2026-08-13T11:54:32Z,p0_prefetchON,bench_cufft,268435456,kept_13,0.52,9E98EF08CBA769C50A24937,0,20573796,20324964,0.00000,0,0
162,2026-08-13T11:54:33Z,p2_prefetchON,bench_cufft,268435456,kept_13,0.53,9E98EF08CBA769C50A24937,0,20320416,20072660,0.01689,29662,501
163,2026-08-13T11:54:34Z,p0_prefetchON,bench_cufft,268435456,kept_14,0.52,9E98EF08CBA769C50A24937,0,20096724,19879220,0.00000,0,0
164,2026-08-13T11:54:35Z,p2_prefetchON,bench_cufft,268435456,kept_14,0.54,9E98EF08CBA769C50A24937,0,19876200,19671752,0.01748,29342,513
165,2026-08-13T11:54:36Z,p0_prefetchON,bench_cufft,268435456,kept_15,0.55,9E98EF08CBA769C50A24937,0,19635664,19392212,0.00000,0,0
166,2026-08-13T11:54:37Z,p2_prefetchON,bench_cufft,268435456,kept_15,0.53,9E98EF08CBA769C50A24937,0,19383064,19133536,0.01622,29845,484
167,2026-08-13T11:54:38Z,p0_prefetchON,bench_cufft,268435456,kept_16,0.53,9E98EF08CBA769C50A24937,0,19123468,18917768,0.00000,0,0
168,2026-08-13T11:54:39Z,p2_prefetchON,bench_cufft,268435456,kept_16,0.53,9E98EF08CBA769C50A24937,0,18930488,18642688,0.01848,30463,563
169,2026-08-13T11:54:40Z,p0_prefetchON,bench_cufft,268435456,kept_17,0.53,9E98EF08CBA769C50A24937,0,18632620,18396336,0.00000,0,0
170,2026-08-13T11:54:41Z,p2_prefetchON,bench_cufft,268435456,kept_17,0.52,9E98EF08CBA769C50A24937,0,18389368,18126820,0.01840,29951,551
171,2026-08-13T11:54:42Z,C0,bench_cufft,268435456,warmup_1,0.52,9E98EF08CBA769C50A24937,0,18135388,17898428,0.00000,0,0
172,2026-08-13T11:54:43Z,C1,bench_cufft,268435456,warmup_1,3.07,9E98EF08CBA769C50A24937,0,17896392,17641880,0.00000,0,0
173,2026-08-13T11:54:47Z,C0,bench_cufft,268435456,warmup_2,0.52,9E98EF08CBA769C50A24937,0,17626208,17372408,0.00000,0,0
174,2026-08-13T11:54:48Z,C1,bench_cufft,268435456,warmup_2,3.08,9E98EF08CBA769C50A24937,0,17374464,17124240,0.00000,0,0
175,2026-08-13T11:54:52Z,C0,bench_cufft,268435456,kept_3,0.53,9E98EF08CBA769C50A24937,0,17121832,16871616,0.00000,0,0
176,2026-08-13T11:54:53Z,C1,bench_cufft,268435456,kept_3,3.08,9E98EF08CBA769C50A24937,0,16818556,16627168,0.00000,0,0
177,2026-08-13T11:54:56Z,C0,bench_cufft,268435456,kept_4,0.53,9E98EF08CBA769C50A24937,0,16626908,16376252,0.00000,0,0
178,2026-08-13T11:54:57Z,C1,bench_cufft,268435456,kept_4,3.06,9E98EF08CBA769C50A24937,0,16370224,16124592,0.00000,0,0
179,2026-08-13T11:55:01Z,C0,bench_cufft,268435456,kept_5,0.53,9E98EF08CBA769C50A24937,0,16135208,15877992,0.00000,0,0
180,2026-08-13T11:55:02Z,C1,bench_cufft,268435456,kept_5,3.09,9E98EF08CBA769C50A24937,0,15889500,15627652,0.00000,0,0
181,2026-08-13T11:55:06Z,C0,bench_cufft,268435456,kept_6,0.54,9E98EF08CBA769C50A24937,0,15614592,15375496,0.00000,0,0
182,2026-08-13T11:55:07Z,C1,bench_cufft,268435456,kept_6,3.08,9E98EF08CBA769C50A24937,0,15364104,15120000,0.00000,0,0
183,2026-08-13T11:55:10Z,C0,bench_cufft,268435456,kept_7,0.51,9E98EF08CBA769C50A24937,0,15115016,14820460,0.00000,0,0
184,2026-08-13T11:55:11Z,C1,bench_cufft,268435456,kept_7,3.10,9E98EF08CBA769C50A24937,0,14816900,14611468,0.00000,0,0
185,2026-08-13T11:55:15Z,C0,bench_cufft,268435456,kept_8,0.52,9E98EF08CBA769C50A24937,0,14603336,14344524,0.00000,0,0
186,2026-08-13T11:55:16Z,C1,bench_cufft,268435456,kept_8,3.08,9E98EF08CBA769C50A24937,0,14344780,14104744,0.00000,0,0
187,2026-08-13T11:55:20Z,C0,bench_cufft,268435456,kept_9,0.53,9E98EF08CBA769C50A24937,0,14094436,13839300,0.00000,0,0
188,2026-08-13T11:55:21Z,C1,bench_cufft,268435456,kept_9,3.11,9E98EF08CBA769C50A24937,0,13831100,13592072,0.00000,0,0
189,2026-08-13T11:55:24Z,C0,bench_cufft,268435456,kept_10,0.53,9E98EF08CBA769C50A24937,0,13584040,13336080,0.00000,0,0
190,2026-08-13T11:55:26Z,C1,bench_cufft,268435456,kept_10,3.10,9E98EF08CBA769C50A24937,0,13286916,13095296,0.00000,0,0
191,2026-08-13T11:55:29Z,C0,bench_cufft,268435456,kept_11,0.52,9E98EF08CBA769C50A24937,0,13088252,12841360,0.00000,0,0
192,2026-08-13T11:55:30Z,C1,bench_cufft,268435456,kept_11,3.07,9E98EF08CBA769C50A24937,0,12837552,12591588,0.00000,0,0
193,2026-08-13T11:55:34Z,C0,bench_cufft,268435456,kept_12,0.52,9E98EF08CBA769C50A24937,0,12592668,12336916,0.00000,0,0
194,2026-08-13T11:55:35Z,C1,bench_cufft,268435456,kept_12,3.08,9E98EF08CBA769C50A24937,0,12322788,12080176,0.00000,0,0
195,2026-08-13T11:55:39Z,C0,bench_cufft,268435456,kept_13,0.53,9E98EF08CBA769C50A24937,0,12074600,11831164,0.00000,0,0
196,2026-08-13T11:55:40Z,C1,bench_cufft,268435456,kept_13,3.12,9E98EF08CBA769C50A24937,0,11829992,11587060,0.00000,0,0
197,2026-08-13T11:55:43Z,C0,bench_cufft,268435456,kept_14,0.56,9E98EF08CBA769C50A24937,0,11582964,11344072,0.00000,0,0
198,2026-08-13T11:55:44Z,C1,bench_cufft,268435456,kept_14,3.15,9E98EF08CBA769C50A24937,0,11327516,11158360,0.00000,0,0
199,2026-08-13T11:55:48Z,C0,bench_cufft,268435456,kept_15,0.59,9E98EF08CBA769C50A24937,0,11124588,10929320,0.00000,0,0
200,2026-08-13T11:55:49Z,C1,bench_cufft,268435456,kept_15,3.18,9E98EF08CBA769C50A24937,0,10873840,10808612,0.00000,0,0
201,2026-08-13T11:55:53Z,C0,bench_cufft,268435456,kept_16,0.58,9E98EF08CBA769C50A24937,0,10784652,10590152,0.00000,0,0
202,2026-08-13T11:55:54Z,C1,bench_cufft,268435456,kept_16,3.25,9E98EF08CBA769C50A24937,0,10568240,10476468,0.00000,0,0
203,2026-08-13T11:55:58Z,C0,bench_cufft,268435456,kept_17,0.64,9E98EF08CBA769C50A24937,0,10457500,10277268,0.00000,0,0
204,2026-08-13T11:55:59Z,C1,bench_cufft,268435456,kept_17,3.18,9E98EF08CBA769C50A24937,1,10223948,10056300,0.00000,0,0
